序号,买入时间,卖出时间,买入价,卖出价,收益率%,持仓小时,累计收益%
1,2022-01-03 23:00,2022-01-04 05:30,46413.4,46151.1,-0.565,6.5,-0.57
2,2022-01-04 13:00,2022-01-05 01:30,46877.3,46114.5,-1.627,12.5,-2.18
3,2022-01-05 15:30,2022-01-06 00:30,46615.4,43681.1,-6.295,9.0,-8.34
4,2022-01-06 15:00,2022-01-07 07:00,42864.4,41611.1,-2.924,16.0,-11.02
5,2022-01-07 22:30,2022-01-08 10:30,41540.2,41916.8,0.907,12.0,-10.21
6,2022-01-09 10:00,2022-01-09 22:00,41544.2,42439.0,2.154,12.0,-8.28
7,2022-01-10 08:00,2022-01-10 12:30,41910.5,40942.1,-2.311,4.5,-10.4
8,2022-01-11 01:00,2022-01-11 17:00,41803.8,42384.7,1.39,16.0,-9.15
9,2022-01-12 07:00,2022-01-12 16:30,42531.4,43615.5,2.549,9.5,-6.84
10,2022-01-12 22:30,2022-01-13 07:00,43840.4,43709.0,-0.3,8.5,-7.12
11,2022-01-13 22:00,2022-01-14 05:30,42795.0,42889.1,0.22,7.5,-6.91
12,2022-01-14 13:00,2022-01-15 12:00,42234.8,42949.9,1.693,23.0,-5.34
13,2022-01-16 00:00,2022-01-16 10:30,43080.4,42917.5,-0.378,10.5,-5.7
14,2022-01-16 21:00,2022-01-17 07:30,42968.4,42652.8,-0.734,10.5,-6.39
15,2022-01-17 22:30,2022-01-18 09:00,42080.1,41791.7,-0.685,10.5,-7.03
16,2022-01-18 10:30,2022-01-18 22:00,41930.0,42387.0,1.09,11.5,-6.02
17,2022-01-19 05:30,2022-01-19 16:00,41766.0,41834.6,0.164,10.5,-5.86
18,2022-01-20 02:30,2022-01-20 11:00,41990.7,42085.5,0.226,8.5,-5.65
19,2022-01-20 17:00,2022-01-21 02:30,43236.9,39840.0,-7.856,9.5,-13.06
20,2022-01-21 19:00,2022-01-22 09:30,38238.2,34824.5,-8.927,14.5,-20.82
21,2022-01-22 20:00,2022-01-23 18:30,34930.7,34956.6,0.074,22.5,-20.76
22,2022-01-24 13:00,2022-01-25 14:00,33519.5,36596.4,9.179,25.0,-13.49
23,2022-01-26 02:00,2022-01-26 12:00,36906.4,37824.2,2.487,10.0,-11.34
24,2022-01-26 18:30,2022-01-27 01:00,37961.5,36668.1,-3.407,6.5,-14.36
25,2022-01-27 15:30,2022-01-28 06:30,36644.0,36923.3,0.762,15.0,-13.71
26,2022-01-28 16:30,2022-01-28 22:00,37110.1,37811.4,1.89,5.5,-12.08
27,2022-01-29 04:30,2022-01-29 15:30,37818.0,37562.0,-0.677,11.0,-12.67
28,2022-01-30 05:00,2022-01-30 16:30,38189.9,37835.8,-0.927,11.5,-13.48
29,2022-01-31 10:00,2022-02-01 08:00,37203.9,38564.0,3.656,22.0,-10.32
30,2022-02-02 00:00,2022-02-02 11:00,38761.0,38512.9,-0.64,11.0,-10.89
31,2022-02-03 00:30,2022-02-03 05:30,36892.1,37008.1,0.314,5.0,-10.61
32,2022-02-03 12:00,2022-02-04 06:30,36336.5,37994.0,4.562,18.5,-6.54
33,2022-02-04 07:00,2022-02-04 21:00,37935.9,40498.0,6.754,14.0,-0.22
34,2022-02-06 05:30,2022-02-07 22:30,41577.2,44074.3,6.006,41.0,5.77
35,2022-02-08 07:30,2022-02-08 11:00,44866.7,43783.5,-2.414,3.5,3.22
36,2022-02-09 04:30,2022-02-09 20:00,43457.9,44549.6,2.512,15.5,5.81
37,2022-02-10 01:30,2022-02-10 06:30,44254.1,43881.5,-0.842,5.0,4.92
38,2022-02-10 21:00,2022-02-11 05:30,44105.7,42853.2,-2.84,8.5,1.94
39,2022-02-11 17:00,2022-02-12 06:00,43511.8,42161.1,-3.104,13.0,-1.23
40,2022-02-12 16:30,2022-02-13 06:30,42729.9,42424.1,-0.716,14.0,-1.93
41,2022-02-13 21:00,2022-02-14 03:00,42219.2,41862.1,-0.846,6.0,-2.76
42,2022-02-14 14:30,2022-02-15 06:30,42513.3,43539.8,2.415,16.0,-0.41
43,2022-02-15 14:30,2022-02-15 22:30,44255.3,44176.0,-0.179,8.0,-0.59
44,2022-02-16 14:30,2022-02-17 16:00,43486.2,41941.9,-3.551,25.5,-4.12
45,2022-02-18 06:00,2022-02-18 23:30,40630.0,39984.1,-1.59,17.5,-5.65
46,2022-02-19 12:00,2022-02-19 21:00,39801.2,39930.0,0.324,9.0,-5.34
47,2022-02-20 08:30,2022-02-20 11:30,38169.1,38336.0,0.437,3.0,-4.93
48,2022-02-20 23:30,2022-02-21 15:00,38380.0,38801.6,1.098,15.5,-3.88
49,2022-02-22 07:30,2022-02-23 06:00,36772.1,38056.5,3.493,22.5,-0.53
50,2022-02-24 15:00,2022-02-25 09:30,35629.7,38686.0,8.578,18.5,8.01
51,2022-02-26 03:30,2022-02-26 11:30,39398.1,38938.7,-1.166,8.0,6.75
52,2022-02-26 17:00,2022-02-26 20:30,39128.1,39330.0,0.516,3.5,7.3
53,2022-02-27 01:30,2022-02-27 13:30,38244.9,39063.9,2.141,12.0,9.6
54,2022-02-27 19:30,2022-02-28 04:30,37605.9,37817.4,0.562,9.0,10.21
55,2022-02-28 15:00,2022-03-01 07:30,40450.4,43486.6,7.506,16.5,18.48
56,2022-03-02 06:00,2022-03-02 22:00,44126.0,44050.9,-0.17,16.0,18.28
57,2022-03-03 04:00,2022-03-03 18:30,43414.0,42263.9,-2.649,14.5,15.15
58,2022-03-04 00:00,2022-03-04 07:30,42197.0,41433.2,-1.81,7.5,13.06
59,2022-03-04 14:30,2022-03-05 04:00,41108.5,38870.0,-5.445,13.5,6.91
60,2022-03-05 13:30,2022-03-06 04:30,39010.0,39466.1,1.169,15.0,8.16
61,2022-03-07 01:30,2022-03-07 14:30,38318.9,38857.0,1.404,13.0,9.68
62,2022-03-07 20:30,2022-03-08 08:00,37581.9,38791.9,3.22,11.5,13.21
63,2022-03-08 17:00,2022-03-09 00:00,38928.1,38788.6,-0.358,7.0,12.8
64,2022-03-09 09:30,2022-03-09 22:30,42030.0,41898.2,-0.314,13.0,12.45
65,2022-03-10 16:30,2022-03-11 13:00,39143.2,39615.9,1.208,20.5,13.81
66,2022-03-12 01:30,2022-03-12 05:00,39187.2,39144.7,-0.108,3.5,13.68
67,2022-03-12 13:30,2022-03-12 22:30,39072.2,39108.3,0.092,9.0,13.79
68,2022-03-13 11:00,2022-03-13 21:30,38946.8,38741.9,-0.526,10.5,13.19
69,2022-03-14 06:30,2022-03-15 02:00,38659.0,38900.1,0.624,19.5,13.9
70,2022-03-15 16:00,2022-03-16 10:30,39181.0,40309.9,2.881,18.5,17.18
71,2022-03-16 23:00,2022-03-17 07:30,41127.9,40726.0,-0.977,8.5,16.03
72,2022-03-18 01:30,2022-03-19 11:30,40541.9,41723.9,2.916,34.0,19.41
73,2022-03-20 00:30,2022-03-20 12:00,42040.0,41515.9,-1.247,11.5,17.93
74,2022-03-21 01:30,2022-03-21 22:00,41229.9,41195.1,-0.084,20.5,17.83
75,2022-03-21 23:00,2022-03-22 04:00,40979.9,43094.0,5.159,5.0,23.9
76,2022-03-22 12:30,2022-03-22 21:00,42947.9,42710.4,-0.553,8.5,23.22
77,2022-03-23 14:00,2022-03-24 11:00,42283.9,43036.1,1.779,21.0,25.41
78,2022-03-25 06:30,2022-03-25 14:00,44099.9,44881.1,1.771,7.5,27.63
79,2022-03-26 00:30,2022-03-26 05:30,44151.9,44498.0,0.784,5.0,28.63
80,2022-03-26 16:30,2022-03-27 17:30,44290.0,44922.0,1.427,25.0,30.47
81,2022-03-28 03:00,2022-03-28 16:00,46955.1,47398.0,0.943,13.0,31.7
82,2022-03-29 16:00,2022-03-30 06:00,47365.9,47512.8,0.31,14.0,32.11
83,2022-03-30 16:30,2022-03-31 04:00,47250.0,47036.1,-0.453,11.5,31.51
84,2022-03-31 09:00,2022-03-31 17:30,47150.0,45818.0,-2.825,8.5,27.8
85,2022-04-01 12:00,2022-04-02 06:30,44843.2,46634.5,3.995,18.5,32.9
86,2022-04-03 05:00,2022-04-04 02:00,46280.2,45930.0,-0.757,21.0,31.89
87,2022-04-04 21:30,2022-04-05 18:00,46460.1,45958.0,-1.081,20.5,30.47
88,2022-04-06 10:00,2022-04-07 02:30,45436.9,43347.9,-4.598,16.5,24.47
89,2022-04-07 10:00,2022-04-08 01:30,43400.1,43609.9,0.483,15.5,25.07
90,2022-04-09 09:00,2022-04-10 04:30,42421.7,42735.7,0.74,19.5,26.0
91,2022-04-11 05:00,2022-04-11 11:30,42269.9,41061.5,-2.859,6.5,22.4
92,2022-04-11 23:30,2022-04-13 00:00,39520.0,40080.0,1.417,24.5,24.13
93,2022-04-13 14:30,2022-04-14 10:30,40643.8,40950.1,0.754,20.0,25.07
94,2022-04-15 04:30,2022-04-15 23:00,40106.6,40469.8,0.906,18.5,26.2
95,2022-04-17 02:30,2022-04-17 19:00,40186.7,40122.5,-0.16,16.5,26.0
96,2022-04-18 15:30,2022-04-19 10:30,39254.4,40790.1,3.912,19.0,30.93
97,2022-04-20 01:30,2022-04-20 11:00,41355.8,41857.6,1.213,9.5,32.51
98,2022-04-20 20:00,2022-04-21 05:00,41232.7,41595.7,0.88,9.0,33.68
99,2022-04-21 12:30,2022-04-21 22:30,42668.8,40410.6,-5.292,10.0,26.61
100,2022-04-22 14:30,2022-04-23 04:00,39867.8,39387.8,-1.204,13.5,25.08
101,2022-04-23 11:30,2022-04-24 01:30,39606.1,39482.9,-0.311,14.0,24.69
102,2022-04-24 22:00,2022-04-25 04:00,39690.0,39117.4,-1.443,6.0,22.89
103,2022-04-25 08:30,2022-04-25 15:30,38421.9,38982.7,1.46,7.0,24.69
104,2022-04-25 18:00,2022-04-26 12:00,39504.0,40523.2,2.58,18.0,27.9
105,2022-04-27 06:30,2022-04-28 00:00,38649.7,39272.3,1.611,17.5,29.97
106,2022-04-28 14:00,2022-04-29 00:00,38983.8,39750.0,1.965,10.0,32.52
107,2022-04-29 22:00,2022-04-30 19:00,38585.9,38354.5,-0.6,21.0,31.72
108,2022-05-01 10:00,2022-05-02 05:00,38053.2,38934.8,2.317,19.0,34.78
109,2022-05-03 09:00,2022-05-03 21:30,38507.0,37800.0,-1.836,12.5,32.3
110,2022-05-04 08:30,2022-05-05 00:30,38972.2,39662.9,1.772,16.0,34.65
111,2022-05-06 03:30,2022-05-06 22:30,36456.7,35998.5,-1.257,19.0,32.95
112,2022-05-07 10:30,2022-05-07 16:30,36087.7,35964.8,-0.341,6.0,32.5
113,2022-05-08 15:30,2022-05-09 06:00,34369.8,33431.7,-2.729,14.5,28.89
114,2022-05-10 01:30,2022-05-10 23:00,30895.2,31055.8,0.52,21.5,29.56
115,2022-05-11 14:00,2022-05-12 00:00,31141.0,29756.1,-4.447,10.0,23.79
116,2022-05-12 14:30,2022-05-13 09:30,29579.2,30447.0,2.934,19.0,27.43
117,2022-05-14 12:30,2022-05-15 15:00,29102.6,29990.6,3.051,26.5,31.31
118,2022-05-16 02:00,2022-05-16 08:30,30492.2,29800.1,-2.27,6.5,28.33
119,2022-05-17 00:30,2022-05-17 16:30,30162.6,30147.9,-0.049,16.0,28.27
120,2022-05-18 11:00,2022-05-18 19:00,29801.2,29247.5,-1.858,8.0,25.89
121,2022-05-19 03:00,2022-05-20 02:00,29195.5,30296.5,3.771,23.0,30.63
122,2022-05-21 01:30,2022-05-21 23:30,29144.3,29443.9,1.028,22.0,31.98
123,2022-05-22 15:30,2022-05-23 05:30,29846.6,30301.5,1.524,14.0,33.99
124,2022-05-23 16:00,2022-05-23 19:00,30430.6,29233.9,-3.933,3.0,28.72
125,2022-05-24 12:00,2022-05-25 03:00,29193.9,30140.7,3.243,15.0,32.89
126,2022-05-25 08:30,2022-05-25 15:00,29826.2,29718.5,-0.361,6.5,32.41
127,2022-05-26 06:00,2022-05-26 16:30,29598.2,29585.7,-0.042,10.5,32.36
128,2022-05-27 03:00,2022-05-27 14:00,29080.0,29174.2,0.324,11.0,32.79
129,2022-05-27 23:30,2022-05-28 23:30,28632.7,29026.8,1.376,24.0,34.62
130,2022-05-29 15:30,2022-05-30 08:00,29212.8,30705.2,5.109,16.5,41.49
131,2022-05-30 13:00,2022-05-30 21:30,30354.0,31805.7,4.783,8.5,48.26
132,2022-05-31 10:30,2022-05-31 19:00,31669.8,31702.2,0.102,8.5,48.41
133,2022-06-01 04:30,2022-06-01 13:00,31568.0,31838.1,0.856,8.5,49.68
134,2022-06-02 10:30,2022-06-03 02:30,30031.5,30547.4,1.718,16.0,52.25
135,2022-06-04 03:30,2022-06-04 18:30,29559.2,29769.1,0.71,15.0,53.33
136,2022-06-05 12:00,2022-06-05 13:30,29762.6,29653.5,-0.367,1.5,52.77
137,2022-06-05 21:30,2022-06-06 15:30,29958.0,31537.6,5.273,18.0,60.83
138,2022-06-07 15:00,2022-06-08 11:00,29812.9,30411.9,2.009,20.0,64.06
139,2022-06-09 02:00,2022-06-09 22:30,30189.5,30068.1,-0.402,20.5,63.4
140,2022-06-10 11:30,2022-06-11 00:00,30018.6,29192.3,-2.753,12.5,58.9
141,2022-06-11 07:30,2022-06-11 20:00,29325.3,28526.3,-2.725,12.5,54.57
142,2022-06-12 08:30,2022-06-13 07:30,27573.2,24802.8,-10.047,23.0,39.04
143,2022-06-13 20:30,2022-06-14 14:30,23245.0,22508.6,-3.168,18.0,34.64
144,2022-06-14 20:00,2022-06-15 01:30,21930.1,22160.8,1.052,5.5,36.05
145,2022-06-15 17:30,2022-06-16 10:00,21110.7,21065.4,-0.215,16.5,35.76
146,2022-06-17 03:30,2022-06-17 23:30,20383.0,20468.0,0.417,20.0,36.33
147,2022-06-18 15:30,2022-06-18 19:30,18954.0,18060.5,-4.714,4.0,29.9
148,2022-06-19 02:30,2022-06-19 22:30,18384.1,20693.4,12.561,20.0,46.22
149,2022-06-20 23:00,2022-06-21 08:00,20500.5,21179.8,3.314,9.0,51.06
150,2022-06-21 11:00,2022-06-21 23:00,21136.9,20588.4,-2.595,12.0,47.14
151,2022-06-22 15:00,2022-06-23 07:30,20465.0,20461.2,-0.019,16.5,47.11
152,2022-06-23 15:30,2022-06-24 00:00,20350.5,21032.0,3.349,8.5,52.04
153,2022-06-24 12:30,2022-06-24 18:30,21215.8,21130.0,-0.404,6.0,51.43
154,2022-06-25 03:30,2022-06-25 17:00,21299.1,21121.8,-0.832,13.5,50.17
155,2022-06-26 05:30,2022-06-26 18:30,21440.5,21190.5,-1.166,13.0,48.41
156,2022-06-27 09:30,2022-06-28 00:30,21454.1,20776.6,-3.158,15.0,43.73
157,2022-06-28 11:00,2022-06-29 00:00,21032.6,20355.2,-3.221,13.0,39.1
158,2022-06-29 13:30,2022-06-30 08:00,20082.9,19323.5,-3.781,18.5,33.84
159,2022-07-01 01:00,2022-07-01 15:30,20387.8,19293.3,-5.368,14.5,26.65
160,2022-07-02 06:00,2022-07-02 14:30,19235.5,19281.4,0.239,8.5,26.96
161,2022-07-02 21:00,2022-07-03 08:30,19298.8,19018.6,-1.452,11.5,25.11
162,2022-07-03 22:00,2022-07-04 13:00,19318.6,19696.8,1.958,15.0,27.56
163,2022-07-04 22:00,2022-07-05 08:00,19954.5,20009.9,0.278,10.0,27.92
164,2022-07-06 02:30,2022-07-06 16:30,19861.6,20300.8,2.211,14.0,30.75
165,2022-07-07 01:30,2022-07-07 12:00,20513.7,20430.3,-0.407,10.5,30.21
166,2022-07-07 23:30,2022-07-08 11:00,21620.2,21610.1,-0.047,11.5,30.15
167,2022-07-09 02:30,2022-07-09 16:00,21580.4,21580.8,0.002,13.5,30.16
168,2022-07-09 22:00,2022-07-10 04:30,21707.4,21276.2,-1.986,6.5,27.57
169,2022-07-10 21:30,2022-07-11 19:30,21039.0,20508.2,-2.523,22.0,24.35
170,2022-07-11 23:00,2022-07-12 04:00,19996.9,20001.0,0.021,5.0,24.38
171,2022-07-12 18:30,2022-07-13 09:00,19726.2,19889.2,0.826,14.5,25.4
172,2022-07-13 17:00,2022-07-14 02:30,19843.0,20259.2,2.097,9.5,28.03
173,2022-07-15 02:30,2022-07-15 14:30,20489.7,20891.5,1.961,12.0,30.55
174,2022-07-16 16:00,2022-07-17 10:00,21167.2,21315.8,0.702,18.0,31.46
175,2022-07-18 06:30,2022-07-19 00:00,22197.7,22588.3,1.76,17.5,33.78
176,2022-07-19 14:00,2022-07-20 09:00,22283.1,23530.2,5.597,19.0,41.26
177,2022-07-20 23:00,2022-07-21 05:30,23227.1,22937.8,-1.246,6.5,39.5
178,2022-07-21 17:00,2022-07-22 13:30,22927.5,23457.2,2.31,20.5,42.73
179,2022-07-23 14:00,2022-07-24 01:00,22246.4,22519.5,1.228,11.0,44.48
180,2022-07-24 06:00,2022-07-24 19:00,22739.1,22753.9,0.065,13.0,44.57
181,2022-07-25 19:00,2022-07-26 08:30,21650.0,21067.5,-2.691,13.5,40.68
182,2022-07-26 22:00,2022-07-27 18:00,21098.3,22086.9,4.686,20.0,47.27
183,2022-07-28 09:30,2022-07-28 11:00,22976.8,23043.5,0.29,1.5,47.7
184,2022-07-29 02:30,2022-07-29 14:00,23780.0,24132.4,1.482,11.5,49.89
185,2022-07-30 01:30,2022-07-31 03:00,23915.2,23744.1,-0.715,25.5,48.82
186,2022-07-31 18:00,2022-08-01 06:30,23666.2,23220.4,-1.884,12.5,46.01
187,2022-08-01 19:00,2022-08-02 09:00,22943.2,22740.1,-0.885,14.0,44.72
188,2022-08-02 22:00,2022-08-03 10:00,23049.2,23395.3,1.502,12.0,46.9
189,2022-08-03 18:00,2022-08-04 03:30,23497.3,23092.1,-1.724,9.5,44.36
190,2022-08-04 18:00,2022-08-05 21:30,22588.4,23105.8,2.291,27.5,47.67
191,2022-08-06 11:30,2022-08-06 21:30,23159.0,23178.7,0.085,10.0,47.79
192,2022-08-07 13:30,2022-08-08 08:00,23155.1,23918.8,3.298,18.5,52.67
193,2022-08-09 15:00,2022-08-10 22:00,23123.1,23943.6,3.548,31.0,58.09
194,2022-08-11 00:00,2022-08-11 01:30,23943.2,24434.8,2.053,1.5,61.33
195,2022-08-11 18:30,2022-08-11 20:00,24152.3,24157.8,0.023,1.5,61.37
196,2022-08-12 13:00,2022-08-13 12:30,23804.4,24441.4,2.676,23.5,65.69
197,2022-08-14 06:30,2022-08-14 21:00,24672.2,24391.5,-1.138,14.5,63.8
198,2022-08-15 09:30,2022-08-15 22:00,24174.0,24070.4,-0.429,12.5,63.1
199,2022-08-16 07:00,2022-08-16 20:00,23997.0,23932.5,-0.269,13.0,62.66
200,2022-08-17 06:00,2022-08-17 17:30,24380.4,23470.4,-3.733,11.5,56.59
201,2022-08-18 07:30,2022-08-18 22:00,23410.5,23393.8,-0.071,14.5,56.48
202,2022-08-19 20:00,2022-08-20 23:00,21284.6,21203.1,-0.383,27.0,55.88
203,2022-08-21 14:30,2022-08-22 02:30,21408.5,21476.0,0.315,12.0,56.37
204,2022-08-22 22:30,2022-08-23 20:00,21173.0,21572.9,1.889,21.5,59.32
205,2022-08-24 18:30,2022-08-25 08:00,21675.6,21732.1,0.261,13.5,59.74
206,2022-08-25 20:00,2022-08-26 03:30,21571.9,21552.5,-0.09,7.5,59.6
207,2022-08-26 14:00,2022-08-26 22:00,21451.7,20652.5,-3.726,8.0,53.65
208,2022-08-27 00:00,2022-08-27 00:30,20272.4,20307.3,0.172,0.5,53.91
209,2022-08-27 13:30,2022-08-28 07:00,20167.7,20039.1,-0.638,17.5,52.93
210,2022-08-28 14:30,2022-08-28 18:30,19915.2,20005.9,0.455,4.0,53.63
211,2022-08-29 10:30,2022-08-30 05:30,19831.4,20415.6,2.946,19.0,58.16
212,2022-08-31 08:00,2022-08-31 21:00,20197.0,20236.0,0.193,13.0,58.46
213,2022-09-01 11:00,2022-09-01 21:00,19993.5,20060.8,0.337,10.0,58.99
214,2022-09-02 00:00,2022-09-02 17:30,20091.3,19803.1,-1.434,17.5,56.71
215,2022-09-03 15:00,2022-09-04 20:00,19807.9,19895.4,0.442,29.0,57.41
216,2022-09-05 01:30,2022-09-05 09:00,19837.8,19745.1,-0.467,7.5,56.67
217,2022-09-06 00:00,2022-09-06 13:00,19911.3,19851.0,-0.303,13.0,56.2
218,2022-09-07 12:00,2022-09-08 06:00,18717.9,19285.3,3.031,18.0,60.93
219,2022-09-09 01:30,2022-09-09 21:30,19338.3,21253.8,9.905,20.0,76.87
220,2022-09-10 18:00,2022-09-11 17:00,21372.9,21733.3,1.686,23.0,79.85
221,2022-09-12 03:30,2022-09-13 01:30,21657.2,22238.9,2.686,22.0,84.68
222,2022-09-13 21:00,2022-09-13 23:00,20145.6,20164.8,0.095,2.0,84.86
223,2022-09-14 11:00,2022-09-15 01:00,20300.3,20122.6,-0.875,14.0,83.24
224,2022-09-15 13:30,2022-09-15 19:30,20120.3,19785.4,-1.664,6.0,80.19
225,2022-09-16 11:00,2022-09-17 18:00,19792.6,20068.2,1.392,31.0,82.7
226,2022-09-18 05:30,2022-09-18 12:00,20069.1,19914.9,-0.768,6.5,81.3
227,2022-09-19 12:30,2022-09-20 09:30,18816.7,19229.8,2.195,21.0,85.28
228,2022-09-21 02:30,2022-09-22 00:00,19014.0,18474.2,-2.839,21.5,80.02
229,2022-09-22 17:00,2022-09-23 04:30,19068.1,19415.4,1.821,11.5,83.3
230,2022-09-24 03:00,2022-09-24 17:30,19109.6,19082.8,-0.14,14.5,83.04
231,2022-09-25 06:30,2022-09-26 01:30,19025.7,18877.9,-0.777,19.0,81.62
232,2022-09-26 13:00,2022-09-27 18:00,19059.6,18953.9,-0.555,29.0,80.61
233,2022-09-28 11:30,2022-09-29 07:00,18954.5,19333.4,1.999,19.5,84.22
234,2022-09-29 23:00,2022-09-30 16:30,19494.2,19713.2,1.123,17.5,86.29
235,2022-10-01 17:00,2022-10-02 12:00,19283.9,19151.6,-0.686,19.0,85.01
236,2022-10-03 06:00,2022-10-03 18:00,19210.0,19602.5,2.043,12.0,88.79
237,2022-10-03 19:30,2022-10-04 08:00,19543.2,19935.2,2.006,12.5,92.58
238,2022-10-04 21:30,2022-10-05 04:00,20290.1,20087.8,-0.997,6.5,90.66
239,2022-10-05 22:30,2022-10-06 15:30,20190.2,20016.1,-0.862,17.0,89.01
240,2022-10-07 06:00,2022-10-07 19:30,19828.6,19462.5,-1.846,13.5,85.52
241,2022-10-08 10:00,2022-10-08 20:30,19500.3,19450.8,-0.254,10.5,85.05
242,2022-10-09 13:30,2022-10-10 04:00,19463.9,19429.9,-0.175,14.5,84.73
243,2022-10-10 19:00,2022-10-12 05:30,19219.0,19115.7,-0.537,34.5,83.74
244,2022-10-12 16:00,2022-10-13 00:00,19103.7,19157.3,0.281,8.0,84.25
245,2022-10-13 23:00,2022-10-14 14:30,19389.6,19465.2,0.39,15.5,84.97
246,2022-10-15 07:30,2022-10-16 01:00,19168.1,19138.9,-0.152,17.5,84.69
247,2022-10-16 14:30,2022-10-17 00:00,19130.2,19238.3,0.565,9.5,85.73
248,2022-10-17 11:00,2022-10-18 05:00,19487.3,19543.6,0.289,18.0,86.27
249,2022-10-18 23:00,2022-10-19 00:30,19332.4,19234.7,-0.505,1.5,85.33
250,2022-10-19 09:30,2022-10-20 01:30,19266.1,19042.9,-1.159,16.0,83.18
251,2022-10-20 06:00,2022-10-20 14:30,19127.8,19323.3,1.022,8.5,85.05
252,2022-10-20 16:30,2022-10-21 02:30,19180.6,19110.0,-0.368,10.0,84.37
253,2022-10-21 16:00,2022-10-22 12:30,19116.9,19180.7,0.334,20.5,84.99
254,2022-10-23 01:00,2022-10-23 08:00,19179.1,19169.4,-0.051,7.0,84.89
255,2022-10-23 19:30,2022-10-24 12:00,19499.8,19376.8,-0.631,16.5,83.73
256,2022-10-25 00:30,2022-10-26 10:30,19309.2,20667.0,7.032,34.0,96.65
257,2022-10-26 23:00,2022-10-27 06:30,20825.0,20718.4,-0.512,7.5,95.64
258,2022-10-27 20:30,2022-10-29 10:00,20395.7,20858.4,2.269,37.5,100.08
259,2022-10-30 11:30,2022-10-30 13:30,20774.0,20649.7,-0.598,2.0,98.88
260,2022-10-30 16:00,2022-10-31 03:30,20654.6,20520.6,-0.649,11.5,97.59
261,2022-10-31 08:30,2022-11-01 05:00,20491.5,20511.4,0.097,20.5,97.78
262,2022-11-01 11:30,2022-11-01 20:00,20525.2,20463.8,-0.299,8.5,97.19
263,2022-11-02 09:30,2022-11-02 20:00,20464.8,20164.3,-1.468,10.5,94.3
264,2022-11-03 06:00,2022-11-03 22:30,20327.1,20193.0,-0.66,16.5,93.02
265,2022-11-04 07:00,2022-11-04 23:00,20573.0,21172.0,2.912,16.0,98.63
266,2022-11-06 06:00,2022-11-07 06:00,21176.9,20870.9,-1.445,24.0,95.76
267,2022-11-07 18:00,2022-11-08 09:00,20728.2,19757.1,-4.685,15.0,86.59
268,2022-11-09 00:00,2022-11-09 15:00,18537.5,17643.8,-4.821,15.0,77.6
269,2022-11-10 07:00,2022-11-11 00:30,16772.9,17553.2,4.652,17.5,85.86
270,2022-11-11 21:00,2022-11-12 09:30,16839.3,16861.0,0.129,12.5,86.1
271,2022-11-12 11:00,2022-11-13 06:30,16843.5,16685.7,-0.937,19.5,84.36
272,2022-11-14 05:00,2022-11-15 04:30,15950.4,16774.4,5.166,23.5,93.88
273,2022-11-15 15:00,2022-11-15 23:00,16957.1,16866.4,-0.535,8.0,92.84
274,2022-11-16 18:30,2022-11-16 23:00,16552.7,16703.5,0.911,4.5,94.6
275,2022-11-17 03:00,2022-11-17 18:00,16594.4,16691.7,0.586,15.0,95.74
276,2022-11-18 03:30,2022-11-18 14:00,16854.0,16776.0,-0.463,10.5,94.83
277,2022-11-19 05:00,2022-11-19 22:30,16592.8,16736.6,0.867,17.5,96.52
278,2022-11-20 01:30,2022-11-20 06:30,16681.9,16688.7,0.041,5.0,96.6
279,2022-11-21 06:30,2022-11-22 05:00,16094.3,15804.6,-1.8,22.5,93.06
280,2022-11-22 15:30,2022-11-23 09:30,16237.4,16561.5,1.996,18.0,96.92
281,2022-11-24 08:30,2022-11-24 20:30,16590.7,16568.8,-0.132,12.0,96.66
282,2022-11-25 07:30,2022-11-26 09:30,16467.3,16591.4,0.754,26.0,98.14
283,2022-11-27 07:00,2022-11-27 23:30,16560.7,16427.4,-0.805,16.5,96.54
284,2022-11-28 19:30,2022-11-29 17:30,16223.4,16380.7,0.97,22.0,98.45
285,2022-11-30 10:30,2022-11-30 20:30,16868.2,17096.3,1.352,10.0,101.13
286,2022-12-01 08:00,2022-12-01 18:00,17077.1,16943.1,-0.785,10.0,99.56
287,2022-12-02 05:30,2022-12-03 05:00,16937.1,17019.7,0.488,23.5,100.53
288,2022-12-04 02:30,2022-12-05 00:00,16974.9,17125.1,0.885,21.5,102.3
289,2022-12-05 07:00,2022-12-05 16:00,17317.0,17055.1,-1.512,9.0,99.24
290,2022-12-06 09:00,2022-12-07 00:00,16997.1,17068.9,0.422,15.0,100.09
291,2022-12-08 03:00,2022-12-08 18:00,16851.1,17012.7,0.959,15.0,102.0
292,2022-12-08 23:30,2022-12-09 10:00,17226.0,17211.4,-0.085,10.5,101.83
293,2022-12-10 03:00,2022-12-11 00:30,17147.5,17145.0,-0.015,21.5,101.8
294,2022-12-11 18:00,2022-12-12 02:00,17176.1,16945.3,-1.344,8.0,99.09
295,2022-12-12 18:30,2022-12-13 09:00,17024.6,17192.5,0.986,14.5,101.06
296,2022-12-14 02:00,2022-12-14 07:30,17771.4,17812.1,0.229,5.5,101.52
297,2022-12-14 17:00,2022-12-15 06:00,18093.4,17731.3,-2.001,13.0,97.48
298,2022-12-15 19:30,2022-12-16 21:30,17443.3,16836.1,-3.481,26.0,90.61
299,2022-12-17 08:30,2022-12-18 02:00,16718.9,16719.8,0.005,17.5,90.62
300,2022-12-18 12:30,2022-12-18 14:30,16729.2,16729.2,0.0,2.0,90.62
301,2022-12-19 04:00,2022-12-19 15:30,16711.6,16670.1,-0.248,11.5,90.15
302,2022-12-20 05:30,2022-12-21 00:00,16785.6,16885.4,0.595,18.5,91.28
303,2022-12-21 16:30,2022-12-22 09:30,16784.4,16848.9,0.384,17.0,92.01
304,2022-12-22 11:30,2022-12-22 19:30,16834.6,16664.9,-1.008,8.0,90.08
305,2022-12-23 07:00,2022-12-23 20:00,16856.0,16826.6,-0.174,13.0,89.74
306,2022-12-24 11:00,2022-12-25 02:00,16833.5,16833.4,-0.001,15.0,89.74
307,2022-12-26 01:30,2022-12-26 19:00,16859.0,16845.8,-0.078,17.5,89.59
308,2022-12-27 07:00,2022-12-27 18:30,16883.5,16635.1,-1.471,11.5,86.8
309,2022-12-28 07:30,2022-12-28 23:30,16647.3,16548.9,-0.591,16.0,85.7
310,2022-12-29 15:30,2022-12-30 04:30,16619.1,16614.5,-0.028,13.0,85.65
311,2022-12-30 21:30,2022-12-31 14:00,16583.9,16637.1,0.321,16.5,86.24
312,2023-01-01 03:30,2023-01-01 06:30,16538.5,16544.6,0.037,3.0,86.31
313,2023-01-01 16:30,2023-01-02 08:00,16564.7,16739.9,1.058,15.5,88.28
314,2023-01-02 22:30,2023-01-03 02:30,16699.2,16673.5,-0.154,4.0,87.99
315,2023-01-03 13:30,2023-01-04 05:30,16727.6,16859.1,0.786,16.0,89.47
316,2023-01-04 07:30,2023-01-04 21:00,16873.3,16826.7,-0.276,13.5,88.95
317,2023-01-05 11:00,2023-01-06 11:00,16818.1,16749.5,-0.408,24.0,88.18
318,2023-01-06 23:30,2023-01-07 14:00,16950.6,16926.8,-0.14,14.5,87.91
319,2023-01-08 04:00,2023-01-08 16:00,16940.1,16932.7,-0.044,12.0,87.83
320,2023-01-09 02:30,2023-01-09 19:00,17189.8,17326.6,0.796,16.5,89.33
321,2023-01-10 15:00,2023-01-11 07:30,17329.8,17445.5,0.668,16.5,90.59
322,2023-01-12 00:30,2023-01-12 17:30,18260.2,18843.2,3.193,17.0,96.68
323,2023-01-13 07:30,2023-01-13 18:00,18818.2,19297.9,2.549,10.5,101.69
324,2023-01-13 22:00,2023-01-14 13:30,19945.3,20932.5,4.95,15.5,111.67
325,2023-01-15 06:30,2023-01-16 11:00,20717.8,20805.8,0.425,28.5,112.57
326,2023-01-17 02:30,2023-01-17 14:00,21101.4,21275.1,0.823,11.5,114.32
327,2023-01-18 00:00,2023-01-18 09:30,21158.0,21229.5,0.338,9.5,115.05
328,2023-01-18 21:00,2023-01-19 02:00,20751.4,20742.9,-0.041,5.0,114.96
329,2023-01-19 14:30,2023-01-20 09:00,20799.8,20945.6,0.701,18.5,116.46
330,2023-01-20 23:00,2023-01-21 13:00,22654.9,22966.2,1.374,14.0,119.44
331,2023-01-22 14:00,2023-01-23 08:00,22928.7,22693.4,-1.026,18.0,117.19
332,2023-01-23 13:30,2023-01-24 02:30,22796.0,23041.4,1.077,13.0,119.52
333,2023-01-25 07:00,2023-01-25 17:00,22723.2,22524.8,-0.873,10.0,117.61
334,2023-01-25 19:00,2023-01-26 13:30,22688.8,23124.8,1.922,18.5,121.79
335,2023-01-27 04:00,2023-01-27 14:30,22842.5,22964.7,0.535,10.5,122.98
336,2023-01-27 19:00,2023-01-28 06:00,23169.1,23023.6,-0.628,11.0,121.58
337,2023-01-28 23:30,2023-01-29 17:30,23025.1,23594.4,2.473,18.0,127.05
338,2023-01-31 00:30,2023-02-01 01:00,22832.1,23061.7,1.006,24.5,129.34
339,2023-02-01 21:00,2023-02-02 15:00,23714.0,23677.1,-0.156,18.0,128.98
340,2023-02-03 05:30,2023-02-04 10:00,23524.7,23335.7,-0.803,28.5,127.14
341,2023-02-04 18:30,2023-02-05 07:00,23445.9,23386.1,-0.255,12.5,126.56
342,2023-02-05 20:30,2023-02-06 03:00,22886.0,22917.8,0.139,6.5,126.88
343,2023-02-06 10:30,2023-02-07 00:30,22841.0,22796.6,-0.194,14.0,126.44
344,2023-02-07 19:30,2023-02-08 04:30,23095.8,23247.9,0.659,9.0,127.93
345,2023-02-09 05:00,2023-02-09 20:00,22576.4,21928.3,-2.871,15.0,121.38
346,2023-02-10 14:30,2023-02-11 03:30,21836.1,21680.1,-0.714,13.0,119.8
347,2023-02-11 14:00,2023-02-11 23:30,21728.2,21856.2,0.589,9.5,121.1
348,2023-02-12 14:30,2023-02-12 23:30,21921.0,21784.5,-0.623,9.0,119.72
349,2023-02-13 19:30,2023-02-14 19:00,21608.3,22184.0,2.664,23.5,125.57
350,2023-02-15 19:30,2023-02-16 09:30,23319.1,24650.7,5.71,14.0,138.45
351,2023-02-17 05:30,2023-02-18 09:30,23708.4,24552.7,3.561,28.0,146.95
352,2023-02-19 01:00,2023-02-19 13:00,24656.3,24688.5,0.131,12.0,147.27
353,2023-02-19 20:30,2023-02-19 22:30,24516.0,24488.6,-0.112,2.0,146.99
354,2023-02-20 04:00,2023-02-20 09:30,24462.3,24885.2,1.729,5.5,151.26
355,2023-02-20 16:00,2023-02-21 03:30,24789.1,24925.9,0.552,11.5,152.65
356,2023-02-21 17:30,2023-02-21 23:30,24662.4,24450.0,-0.861,6.0,150.47
357,2023-02-22 09:00,2023-02-23 18:00,24077.2,23830.8,-1.023,33.0,147.91
358,2023-02-24 08:00,2023-02-24 19:30,23846.2,23178.5,-2.8,11.5,140.97
359,2023-02-25 09:00,2023-02-26 00:30,23040.1,23099.4,0.257,15.5,141.59
360,2023-02-26 04:30,2023-02-26 18:30,23191.3,23489.6,1.286,14.0,144.7
361,2023-02-28 01:30,2023-02-28 11:30,23429.2,23396.4,-0.14,10.0,144.35
362,2023-02-28 16:30,2023-02-28 20:30,23457.9,23271.1,-0.796,4.0,142.41
363,2023-03-01 03:30,2023-03-01 12:00,23444.1,23790.6,1.478,8.5,145.99
364,2023-03-01 15:30,2023-03-02 00:30,23712.4,23605.0,-0.453,9.0,144.88
365,2023-03-02 14:00,2023-03-03 14:00,23298.9,22384.8,-3.923,24.0,135.27
366,2023-03-04 00:00,2023-03-04 13:30,22373.3,22359.9,-0.06,13.5,135.13
367,2023-03-05 10:30,2023-03-05 22:30,22411.5,22433.2,0.097,12.0,135.36
368,2023-03-06 17:30,2023-03-07 08:30,22479.5,22420.0,-0.265,15.0,134.73
369,2023-03-08 04:00,2023-03-08 22:00,22128.7,21998.3,-0.589,18.0,133.35
370,2023-03-09 21:00,2023-03-10 08:00,20356.6,19927.4,-2.108,11.0,128.43
371,2023-03-10 15:00,2023-03-11 10:00,19860.3,20127.8,1.347,19.0,131.51
372,2023-03-12 04:00,2023-03-12 16:00,20346.4,20371.2,0.122,12.0,131.79
373,2023-03-13 01:30,2023-03-13 15:00,22300.4,24428.8,9.544,13.5,153.91
374,2023-03-14 05:00,2023-03-14 13:30,24360.2,25769.4,5.785,8.5,168.6
375,2023-03-15 03:00,2023-03-15 08:00,24672.2,24804.1,0.535,5.0,170.04
376,2023-03-15 17:30,2023-03-17 02:30,24286.2,25583.2,5.34,33.0,184.46
377,2023-03-17 13:30,2023-03-17 22:30,26453.7,27515.6,4.014,9.0,195.88
378,2023-03-18 12:30,2023-03-18 18:30,27508.8,27323.2,-0.675,6.0,193.88
379,2023-03-19 06:30,2023-03-20 08:00,26928.9,28189.4,4.681,25.5,207.64
380,2023-03-20 22:00,2023-03-21 07:00,27916.0,27505.2,-1.472,9.0,203.11
381,2023-03-21 14:00,2023-03-22 08:30,27849.6,28083.9,0.841,18.5,205.66
382,2023-03-22 18:30,2023-03-23 00:30,28025.4,27320.0,-2.517,6.0,197.96
383,2023-03-23 16:30,2023-03-24 04:00,28464.6,28190.5,-0.963,11.5,195.1
384,2023-03-25 04:00,2023-03-26 00:00,27605.6,27437.2,-0.61,20.0,193.3
385,2023-03-26 05:00,2023-03-26 11:00,27490.2,27664.4,0.634,6.0,195.15
386,2023-03-26 14:00,2023-03-26 22:30,27941.1,28041.6,0.36,8.5,196.22
387,2023-03-28 01:30,2023-03-29 18:00,27074.6,28242.2,4.313,40.5,208.99
388,2023-03-30 13:30,2023-03-30 23:00,28513.3,27984.6,-1.854,9.5,203.26
389,2023-03-31 09:00,2023-04-01 00:30,27833.5,28439.8,2.178,15.5,209.87
390,2023-04-01 02:30,2023-04-01 09:30,28581.9,28424.9,-0.549,7.0,208.16
391,2023-04-02 02:30,2023-04-02 16:00,28401.9,27992.3,-1.442,13.5,203.72
392,2023-04-03 06:30,2023-04-04 02:30,27779.8,27858.0,0.281,20.0,204.58
393,2023-04-04 14:00,2023-04-05 03:00,28155.3,28447.6,1.038,13.0,207.74
394,2023-04-05 14:30,2023-04-05 19:00,28106.7,28208.7,0.363,4.5,208.85
395,2023-04-06 08:30,2023-04-07 11:00,27951.7,27902.7,-0.175,26.5,208.31
396,2023-04-08 01:30,2023-04-08 16:30,27905.9,28004.1,0.352,15.0,209.4
397,2023-04-09 09:30,2023-04-09 22:30,27898.7,28371.2,1.694,13.0,214.64
398,2023-04-10 03:30,2023-04-10 15:00,28276.5,28414.0,0.486,11.5,216.17
399,2023-04-11 01:30,2023-04-11 14:00,30194.0,30210.5,0.055,12.5,216.34
400,2023-04-12 05:30,2023-04-13 11:00,29923.4,30202.6,0.933,29.5,219.29
401,2023-04-13 13:30,2023-04-13 23:30,30175.0,30380.6,0.681,10.0,221.47
402,2023-04-14 16:30,2023-04-14 20:00,30142.0,30433.4,0.967,3.5,224.58
403,2023-04-15 09:00,2023-04-15 21:30,30406.7,30267.9,-0.456,12.5,223.09
404,2023-04-16 11:00,2023-04-17 02:00,30279.3,29983.0,-0.979,15.0,219.93
405,2023-04-17 22:30,2023-04-19 00:30,29501.7,30318.6,2.769,26.0,228.79
406,2023-04-19 21:00,2023-04-20 23:00,29058.4,28225.0,-2.868,26.0,219.36
407,2023-04-21 12:30,2023-04-21 23:00,28221.0,27295.9,-3.278,10.5,208.89
408,2023-04-22 14:30,2023-04-23 07:00,27475.1,27599.0,0.451,16.5,210.29
409,2023-04-24 01:00,2023-04-24 18:30,27816.9,27337.6,-1.723,17.5,204.94
410,2023-04-25 04:00,2023-04-25 16:30,27374.1,27394.2,0.073,12.5,205.16
411,2023-04-26 00:30,2023-04-26 16:00,28297.4,29807.6,5.337,15.5,221.45
412,2023-04-27 16:00,2023-04-28 09:30,29127.4,29202.9,0.259,17.5,222.28
413,2023-04-29 00:00,2023-04-29 15:30,29306.4,29273.9,-0.111,15.5,221.92
414,2023-04-30 06:30,2023-05-01 02:00,29273.3,28583.4,-2.357,19.5,214.34
415,2023-05-01 20:00,2023-05-03 03:00,27841.9,28512.8,2.41,31.0,221.91
416,2023-05-03 22:30,2023-05-04 17:00,29108.7,28868.6,-0.825,18.5,219.26
417,2023-05-05 08:00,2023-05-05 22:30,29117.2,29590.6,1.626,14.5,224.45
418,2023-05-06 08:00,2023-05-06 09:30,29303.4,29283.8,-0.067,1.5,224.23
419,2023-05-07 01:30,2023-05-07 19:00,28888.0,28862.8,-0.087,17.5,223.95
420,2023-05-08 19:00,2023-05-09 20:00,27486.6,27641.3,0.563,25.0,225.77
421,2023-05-10 16:00,2023-05-10 21:00,28290.0,27537.0,-2.662,5.0,217.1
422,2023-05-11 01:30,2023-05-11 08:30,27550.3,27388.0,-0.589,7.0,215.23
423,2023-05-11 21:30,2023-05-13 11:30,26976.4,26825.2,-0.56,38.0,213.46
424,2023-05-14 13:00,2023-05-14 15:30,26856.6,27081.8,0.839,2.5,216.09
425,2023-05-14 17:30,2023-05-15 23:30,26940.1,27164.6,0.833,30.0,218.73
426,2023-05-16 15:30,2023-05-17 12:00,27041.0,26687.0,-1.309,20.5,214.56
427,2023-05-18 01:30,2023-05-18 14:00,27320.8,27315.7,-0.019,12.5,214.5
428,2023-05-19 04:00,2023-05-19 23:00,26836.4,26882.9,0.173,19.0,215.04
429,2023-05-20 14:30,2023-05-21 08:00,26923.8,27055.5,0.489,17.5,216.58
430,2023-05-22 04:00,2023-05-23 02:30,26691.3,27136.5,1.668,22.5,221.86
431,2023-05-23 14:00,2023-05-23 21:00,27295.3,27211.0,-0.309,7.0,220.87
432,2023-05-24 13:00,2023-05-25 21:00,26682.0,26448.3,-0.876,32.0,218.06
433,2023-05-26 22:00,2023-05-27 08:30,26736.9,26688.9,-0.18,10.5,217.49
434,2023-05-27 21:00,2023-05-28 17:30,26734.9,27352.8,2.311,20.5,224.83
435,2023-05-29 07:30,2023-05-29 14:00,27911.3,27889.4,-0.078,6.5,224.57
436,2023-05-30 03:30,2023-05-30 21:30,27832.5,27722.1,-0.397,18.0,223.28
437,2023-05-31 22:00,2023-06-01 14:30,27149.5,26898.8,-0.923,16.5,220.3
438,2023-06-02 02:30,2023-06-02 13:00,26962.3,27080.5,0.438,10.5,221.7
439,2023-06-02 18:00,2023-06-03 01:00,27023.3,27142.1,0.44,7.0,223.12
440,2023-06-03 11:30,2023-06-03 16:00,27134.7,27311.9,0.653,4.5,225.23
441,2023-06-04 00:00,2023-06-04 09:30,27062.8,27215.3,0.564,9.5,227.06
442,2023-06-04 14:30,2023-06-05 03:30,27234.8,26847.1,-1.424,13.0,222.4
443,2023-06-05 21:30,2023-06-07 00:00,25655.6,27211.0,6.063,26.5,241.95
444,2023-06-08 02:00,2023-06-08 22:30,26450.8,26543.1,0.349,20.5,243.14
445,2023-06-09 18:30,2023-06-10 04:00,26450.3,25851.9,-2.262,9.5,235.38
446,2023-06-10 15:30,2023-06-11 12:00,25632.0,25790.0,0.616,20.5,237.45
447,2023-06-12 01:30,2023-06-12 11:00,25940.0,25948.9,0.034,9.5,237.56
448,2023-06-12 23:00,2023-06-13 19:00,25918.4,25871.9,-0.179,20.0,236.96
449,2023-06-14 11:00,2023-06-14 22:00,25979.2,25061.0,-3.534,11.0,225.05
450,2023-06-15 16:00,2023-06-16 11:00,25001.6,25505.4,2.015,19.0,231.6
451,2023-06-17 01:00,2023-06-17 13:30,26331.4,26556.9,0.856,12.5,234.44
452,2023-06-18 09:00,2023-06-19 01:00,26471.6,26403.9,-0.256,16.0,233.58
453,2023-06-19 17:30,2023-06-20 09:00,26666.0,26751.0,0.319,15.5,234.65
454,2023-06-21 00:30,2023-06-21 14:30,28420.2,29541.4,3.945,14.0,247.85
455,2023-06-22 06:30,2023-06-22 12:30,30130.4,30116.6,-0.046,6.0,247.69
456,2023-06-22 21:00,2023-06-24 04:30,30012.8,30704.5,2.305,31.5,255.7
457,2023-06-24 20:30,2023-06-25 21:00,30509.8,30467.5,-0.139,24.5,255.21
458,2023-06-26 09:30,2023-06-27 05:30,30266.3,30321.6,0.183,20.0,255.86
459,2023-06-27 14:00,2023-06-27 22:00,30845.9,30670.0,-0.57,8.0,253.83
460,2023-06-28 19:00,2023-06-29 23:30,30030.1,30453.5,1.41,28.5,258.82
461,2023-06-30 14:30,2023-07-01 01:00,30086.4,30418.8,1.105,10.5,262.78
462,2023-07-01 12:00,2023-07-02 05:30,30579.2,30483.1,-0.314,17.5,261.64
463,2023-07-02 21:30,2023-07-03 12:30,30559.1,30651.1,0.301,15.0,262.73
464,2023-07-04 03:00,2023-07-04 12:00,31199.3,31046.4,-0.49,9.0,260.95
465,2023-07-05 02:30,2023-07-05 21:00,30840.9,30490.5,-1.136,18.5,256.85
466,2023-07-06 05:00,2023-07-06 17:30,30484.7,30294.5,-0.624,12.5,254.62
467,2023-07-07 12:00,2023-07-08 04:30,30108.8,30234.3,0.417,16.5,256.1
468,2023-07-09 00:00,2023-07-09 19:00,30257.3,30255.5,-0.006,19.0,256.08
469,2023-07-10 14:00,2023-07-11 06:30,30278.0,30635.1,1.179,16.5,260.28
470,2023-07-11 22:30,2023-07-12 14:30,30584.1,30736.6,0.499,16.0,262.08
471,2023-07-13 11:30,2023-07-14 05:00,30545.0,31372.9,2.71,17.5,271.89
472,2023-07-15 02:00,2023-07-16 01:00,30300.0,30317.0,0.056,23.0,272.1
473,2023-07-16 14:30,2023-07-17 04:30,30398.9,30294.7,-0.343,14.0,270.82
474,2023-07-17 18:00,2023-07-18 19:30,30023.8,29714.9,-1.029,25.5,267.01
475,2023-07-19 04:00,2023-07-19 18:00,30142.8,30021.0,-0.404,14.0,265.53
476,2023-07-20 07:30,2023-07-20 21:00,30202.0,29845.5,-1.18,13.5,261.21
477,2023-07-21 11:30,2023-07-22 00:00,29781.4,29931.9,0.505,12.5,263.04
478,2023-07-22 06:30,2023-07-22 10:30,29891.9,29902.1,0.034,4.0,263.16
479,2023-07-23 04:30,2023-07-24 01:30,29905.4,29913.8,0.028,21.0,263.26
480,2023-07-24 23:00,2023-07-25 18:30,29190.4,29263.8,0.251,19.5,264.18
481,2023-07-26 19:00,2023-07-27 11:00,29359.4,29477.3,0.402,16.0,265.64
482,2023-07-28 10:00,2023-07-29 00:00,29210.0,29329.5,0.409,14.0,267.13
483,2023-07-30 03:00,2023-07-30 14:00,29320.0,29308.4,-0.04,11.0,266.99
484,2023-07-31 01:00,2023-07-31 12:30,29441.9,29475.5,0.114,11.5,267.41
485,2023-08-01 11:30,2023-08-02 13:00,28860.8,29407.0,1.893,25.5,274.36
486,2023-08-03 05:00,2023-08-03 23:00,29112.8,29201.7,0.305,18.0,275.5
487,2023-08-04 20:00,2023-08-05 07:30,29077.7,29053.0,-0.085,11.5,275.19
488,2023-08-05 17:00,2023-08-06 14:30,29058.6,29035.9,-0.078,21.5,274.89
489,2023-08-07 06:30,2023-08-07 16:00,29053.9,28920.5,-0.459,9.5,273.17
490,2023-08-08 03:30,2023-08-08 19:00,29197.0,29893.0,2.384,15.5,282.07
491,2023-08-09 23:00,2023-08-10 08:30,29618.9,29516.1,-0.347,9.5,280.74
492,2023-08-10 12:30,2023-08-10 22:30,29561.9,29464.2,-0.33,10.0,279.48
493,2023-08-11 04:00,2023-08-11 07:00,29424.7,29436.0,0.038,3.0,279.63
494,2023-08-11 13:30,2023-08-11 22:00,29472.9,29422.9,-0.17,8.5,278.98
495,2023-08-12 00:30,2023-08-12 08:00,29459.0,29406.4,-0.179,7.5,278.31
496,2023-08-12 15:00,2023-08-12 18:30,29448.2,29428.4,-0.067,3.5,278.05
497,2023-08-13 02:00,2023-08-13 07:30,29456.2,29397.9,-0.198,5.5,277.3
498,2023-08-13 23:30,2023-08-14 17:30,29302.0,29487.9,0.634,18.0,279.7
499,2023-08-14 19:30,2023-08-15 02:00,29362.8,29399.9,0.126,6.5,280.18
500,2023-08-15 18:30,2023-08-16 07:30,29324.8,29194.1,-0.446,13.0,278.48
501,2023-08-16 14:30,2023-08-17 01:00,29159.9,28631.2,-1.813,10.5,271.62
502,2023-08-17 19:30,2023-08-18 04:30,27896.8,26265.0,-5.849,9.0,249.88
503,2023-08-18 09:30,2023-08-19 03:00,26450.0,25966.1,-1.829,17.5,243.48
504,2023-08-19 13:30,2023-08-19 19:00,25925.3,26116.1,0.736,5.5,246.01
505,2023-08-19 23:00,2023-08-20 09:30,26117.3,26144.8,0.105,10.5,246.37
506,2023-08-21 00:00,2023-08-21 06:30,26122.3,26035.9,-0.331,6.5,245.23
507,2023-08-21 23:00,2023-08-22 13:00,26124.0,26021.4,-0.393,14.0,243.87
508,2023-08-23 02:00,2023-08-23 22:30,26044.2,26455.1,1.578,20.5,249.3
509,2023-08-24 07:30,2023-08-24 13:00,26473.9,26370.5,-0.391,5.5,247.93
510,2023-08-25 03:00,2023-08-25 21:30,26060.1,26082.8,0.087,18.5,248.24
511,2023-08-26 14:00,2023-08-26 17:00,26031.3,26012.0,-0.074,3.0,247.98
512,2023-08-27 06:00,2023-08-28 02:30,26035.9,26030.6,-0.02,20.5,247.91
513,2023-08-28 18:00,2023-08-29 09:30,26133.3,25990.6,-0.546,15.5,246.01
514,2023-08-29 20:00,2023-08-30 10:30,27861.2,27437.6,-1.52,14.5,240.75
515,2023-08-30 23:30,2023-08-31 17:30,27299.9,26326.7,-3.565,18.0,228.6
516,2023-09-01 11:00,2023-09-02 02:00,25981.1,25794.0,-0.72,15.0,226.23
517,2023-09-02 13:00,2023-09-02 20:00,25814.0,25827.4,0.052,7.0,226.4
518,2023-09-03 14:30,2023-09-03 22:30,25925.3,25951.8,0.102,8.0,226.74
519,2023-09-04 11:00,2023-09-04 16:30,25884.0,25863.9,-0.078,5.5,226.48
520,2023-09-05 07:00,2023-09-06 06:00,25722.5,25764.0,0.161,23.0,227.01
521,2023-09-07 04:00,2023-09-07 18:00,25800.9,25876.5,0.293,14.0,227.97
522,2023-09-08 04:00,2023-09-08 14:00,26281.9,25934.9,-1.32,10.0,223.64
523,2023-09-09 04:30,2023-09-09 18:30,25872.2,25868.0,-0.016,14.0,223.59
524,2023-09-10 07:00,2023-09-10 14:30,25860.0,25773.8,-0.333,7.5,222.51
525,2023-09-11 01:00,2023-09-11 17:00,25718.6,25134.6,-2.271,16.0,215.18
526,2023-09-12 08:00,2023-09-12 22:30,25840.1,25976.4,0.527,14.5,216.85
527,2023-09-13 15:00,2023-09-14 06:00,26273.3,26262.6,-0.041,15.0,216.72
528,2023-09-14 17:30,2023-09-15 06:00,26650.9,26596.6,-0.204,12.5,216.07
529,2023-09-15 20:00,2023-09-16 17:30,26405.5,26565.7,0.607,21.5,217.99
530,2023-09-17 04:00,2023-09-17 16:00,26518.7,26531.2,0.047,12.0,218.14
531,2023-09-18 11:00,2023-09-19 00:00,27211.0,26689.9,-1.915,13.0,212.05
532,2023-09-19 15:00,2023-09-20 04:00,27325.0,27125.9,-0.729,13.0,209.77
533,2023-09-20 17:00,2023-09-21 10:00,27255.4,26763.9,-1.803,17.0,204.19
534,2023-09-22 01:30,2023-09-22 18:30,26630.5,26595.1,-0.133,17.0,203.78
535,2023-09-23 12:00,2023-09-24 04:00,26583.1,26565.3,-0.067,16.0,203.58
536,2023-09-24 19:30,2023-09-25 05:30,26451.0,26111.1,-1.285,10.0,199.68
537,2023-09-25 17:00,2023-09-26 10:00,26251.0,26244.0,-0.027,17.0,199.6
538,2023-09-27 03:30,2023-09-27 20:00,26281.1,26284.0,0.011,16.5,199.63
539,2023-09-28 14:00,2023-09-29 04:30,26622.1,26973.9,1.321,14.5,203.59
540,2023-09-29 22:00,2023-09-30 23:30,26891.4,26961.7,0.261,25.5,204.38
541,2023-10-01 17:30,2023-10-02 01:30,27074.9,27918.7,3.117,8.0,213.87
542,2023-10-02 11:30,2023-10-02 21:00,28198.9,27865.8,-1.181,9.5,210.16
543,2023-10-03 12:30,2023-10-04 04:00,27471.5,27415.9,-0.202,15.5,209.54
544,2023-10-04 11:00,2023-10-05 01:30,27580.9,27731.9,0.547,14.5,211.23
545,2023-10-06 01:30,2023-10-06 08:30,27517.0,27620.7,0.377,7.0,212.4
546,2023-10-06 13:00,2023-10-07 02:30,27388.7,27871.7,1.764,13.5,217.91
547,2023-10-07 22:30,2023-10-08 19:30,27952.5,27891.6,-0.218,21.0,217.22
548,2023-10-09 04:30,2023-10-09 14:00,27931.1,27524.5,-1.456,9.5,212.6
549,2023-10-10 03:30,2023-10-10 16:30,27632.3,27434.0,-0.718,13.0,210.36
550,2023-10-11 09:30,2023-10-11 19:30,27285.0,26760.9,-1.921,10.0,204.4
551,2023-10-12 01:30,2023-10-12 20:30,26776.5,26749.1,-0.102,19.0,204.09
552,2023-10-13 07:00,2023-10-13 19:00,26887.5,26774.6,-0.42,12.0,202.81
553,2023-10-14 09:30,2023-10-14 19:30,26880.5,26866.4,-0.052,10.0,202.65
554,2023-10-15 05:00,2023-10-16 02:30,26884.5,27187.6,1.127,21.5,206.06
555,2023-10-16 07:00,2023-10-16 15:00,27898.8,28110.9,0.76,8.0,208.39
556,2023-10-17 14:00,2023-10-18 09:00,28389.9,28560.3,0.6,19.0,210.24
557,2023-10-19 07:00,2023-10-20 03:00,28260.4,29293.5,3.656,20.0,221.58
558,2023-10-20 17:30,2023-10-20 23:30,29520.1,29667.8,0.5,6.0,223.19
559,2023-10-21 12:00,2023-10-22 04:30,29768.1,29959.2,0.642,16.5,225.26
560,2023-10-22 20:30,2023-10-23 22:00,29850.2,32193.7,7.851,25.5,250.8
561,2023-10-24 06:30,2023-10-24 14:30,33972.6,34432.5,1.354,8.0,255.55
562,2023-10-25 07:00,2023-10-26 06:00,33880.9,34502.1,1.833,23.0,262.07
563,2023-10-27 01:30,2023-10-27 18:30,33853.6,33596.5,-0.759,17.0,259.32
564,2023-10-28 08:00,2023-10-28 21:00,34060.0,34176.5,0.342,13.0,260.55
565,2023-10-29 12:30,2023-10-30 05:00,34428.7,34252.3,-0.512,16.5,258.7
566,2023-10-30 20:30,2023-10-31 08:00,34420.4,34297.7,-0.356,11.5,257.42
567,2023-10-31 17:00,2023-11-01 09:00,34389.6,34451.8,0.181,16.0,258.07
568,2023-11-02 00:00,2023-11-02 14:00,35502.5,34831.6,-1.89,14.0,251.3
569,2023-11-03 05:00,2023-11-04 12:00,34473.4,34722.0,0.721,31.0,253.84
570,2023-11-05 05:00,2023-11-05 17:00,35162.9,35113.1,-0.142,12.0,253.33
571,2023-11-06 07:30,2023-11-07 04:00,34905.0,34850.7,-0.156,20.5,252.78
572,2023-11-07 17:00,2023-11-08 13:30,34743.1,35407.8,1.913,20.5,259.53
573,2023-11-09 01:00,2023-11-09 18:00,35860.7,36356.5,1.383,17.0,264.5
574,2023-11-10 13:00,2023-11-11 08:00,37146.2,37016.0,-0.351,19.0,263.23
575,2023-11-11 21:30,2023-11-12 11:00,36979.9,37102.6,0.332,13.5,264.43
576,2023-11-12 17:30,2023-11-13 03:00,37077.0,37024.6,-0.141,9.5,263.92
577,2023-11-13 22:30,2023-11-15 00:30,36467.9,35490.1,-2.681,26.0,254.16
578,2023-11-15 11:00,2023-11-16 05:00,36168.1,37380.1,3.351,18.0,266.03
579,2023-11-17 02:30,2023-11-17 21:30,36456.6,36397.9,-0.161,19.0,265.44
580,2023-11-18 11:30,2023-11-18 20:00,36401.7,36594.0,0.528,8.5,267.37
581,2023-11-18 23:00,2023-11-19 07:00,36533.6,36609.8,0.209,8.0,268.14
582,2023-11-19 19:30,2023-11-20 13:30,36951.8,37097.4,0.394,18.0,269.59
583,2023-11-21 03:30,2023-11-21 14:30,37468.6,36636.1,-2.222,11.0,261.37
584,2023-11-22 04:00,2023-11-23 04:00,36334.0,37308.1,2.681,24.0,271.06
585,2023-11-24 01:30,2023-11-24 21:30,37397.8,37828.0,1.15,20.0,275.33
586,2023-11-25 17:00,2023-11-26 13:30,37759.6,37516.9,-0.643,20.5,272.92
587,2023-11-27 06:00,2023-11-27 18:30,37375.9,36967.5,-1.093,12.5,268.84
588,2023-11-28 04:30,2023-11-28 18:30,36991.3,37976.1,2.662,14.0,278.66
589,2023-11-29 01:30,2023-11-29 09:00,37932.0,38217.9,0.754,7.5,281.52
590,2023-11-29 23:30,2023-11-30 05:30,37853.3,37885.7,0.086,6.0,281.84
591,2023-11-30 08:30,2023-11-30 22:30,37667.4,37692.4,0.066,14.0,282.1
592,2023-12-01 06:00,2023-12-01 22:00,38094.6,38796.2,1.842,16.0,289.13
593,2023-12-02 18:30,2023-12-03 13:30,38870.3,39673.9,2.067,19.0,297.18
594,2023-12-04 02:00,2023-12-04 19:30,40597.8,41989.5,3.428,17.5,310.79
595,2023-12-05 11:30,2023-12-06 10:00,41727.5,44237.5,6.015,22.5,335.5
596,2023-12-07 00:00,2023-12-07 12:00,43838.1,43171.3,-1.521,12.0,328.88
597,2023-12-07 17:30,2023-12-07 22:30,43423.6,43140.6,-0.652,5.0,326.09
598,2023-12-08 05:00,2023-12-09 00:30,43435.9,44178.1,1.709,19.5,333.37
599,2023-12-09 02:00,2023-12-09 09:00,44132.2,43932.0,-0.454,7.0,331.4
600,2023-12-10 02:00,2023-12-10 16:00,43736.9,43853.7,0.267,14.0,332.55
601,2023-12-10 19:30,2023-12-11 01:30,43794.1,43220.1,-1.311,6.0,326.88
602,2023-12-11 22:00,2023-12-12 20:00,41252.5,41162.8,-0.217,22.0,325.95
603,2023-12-13 11:30,2023-12-14 08:00,41009.7,42964.2,4.766,20.5,346.26
604,2023-12-15 01:00,2023-12-15 16:00,43031.8,41992.3,-2.416,15.0,335.48
605,2023-12-16 01:00,2023-12-16 22:30,42132.3,42310.1,0.422,21.5,337.31
606,2023-12-17 18:30,2023-12-18 07:30,42169.8,41127.9,-2.471,13.0,326.51
607,2023-12-18 19:30,2023-12-19 11:30,41700.8,42977.5,3.062,16.0,339.57
608,2023-12-20 07:00,2023-12-21 00:00,42808.4,43648.5,1.962,17.0,348.19
609,2023-12-21 18:00,2023-12-22 06:30,43616.3,43882.7,0.611,12.5,350.93
610,2023-12-22 14:30,2023-12-22 19:00,43640.2,43695.2,0.126,4.5,351.5
611,2023-12-23 05:30,2023-12-23 17:30,43607.8,43747.8,0.321,12.0,352.95
612,2023-12-23 22:00,2023-12-24 09:00,43772.2,43631.7,-0.321,11.0,351.49
613,2023-12-25 03:30,2023-12-25 10:30,43150.6,43177.1,0.061,7.0,351.77
614,2023-12-25 14:30,2023-12-26 04:00,43678.3,43423.4,-0.584,13.5,349.13
615,2023-12-26 23:00,2023-12-27 21:00,42433.1,43361.9,2.189,22.0,358.97
616,2023-12-29 02:00,2023-12-29 21:00,42322.1,41985.9,-0.794,19.0,355.32
617,2023-12-30 14:30,2023-12-31 09:00,42240.9,42727.1,1.151,18.5,360.56
618,2023-12-31 20:30,2024-01-01 05:00,42559.0,42295.0,-0.62,8.5,357.7
619,2024-01-01 15:00,2024-01-02 09:00,42682.4,45828.9,7.372,18.0,391.45
620,2024-01-03 08:00,2024-01-03 22:30,45165.9,42746.0,-5.358,14.5,365.11
621,2024-01-04 07:30,2024-01-04 22:30,42759.1,44317.8,3.645,15.0,382.07
622,2024-01-05 22:00,2024-01-06 09:00,43880.0,43711.9,-0.383,11.0,380.22
623,2024-01-06 13:30,2024-01-06 16:30,43702.9,43870.6,0.384,3.0,382.07
624,2024-01-07 00:30,2024-01-07 12:00,44122.1,44052.5,-0.158,11.5,381.3
625,2024-01-08 16:00,2024-01-09 07:30,45028.3,46826.2,3.993,15.5,400.52
626,2024-01-10 01:30,2024-01-10 14:30,45925.8,44880.8,-2.275,13.0,389.13
627,2024-01-10 19:00,2024-01-11 14:30,46284.0,48562.1,4.922,19.5,413.21
628,2024-01-12 03:00,2024-01-12 06:30,46021.0,46102.7,0.178,3.5,414.12
629,2024-01-12 18:00,2024-01-13 05:00,43544.0,42944.9,-1.376,11.0,407.05
630,2024-01-13 09:30,2024-01-14 01:00,42919.4,42787.5,-0.307,15.5,405.49
631,2024-01-14 19:30,2024-01-15 01:30,42658.0,42276.9,-0.893,6.0,400.97
632,2024-01-15 13:30,2024-01-16 02:00,42848.6,42696.7,-0.355,12.5,399.2
633,2024-01-16 16:30,2024-01-17 03:30,43250.9,42844.4,-0.94,11.0,394.5
634,2024-01-17 22:30,2024-01-18 16:30,42722.1,41947.0,-1.814,18.0,385.53
635,2024-01-19 10:00,2024-01-20 02:00,41423.8,41608.0,0.445,16.0,387.69
636,2024-01-20 13:00,2024-01-20 17:30,41657.4,41582.8,-0.179,4.5,386.82
637,2024-01-21 04:00,2024-01-21 15:30,41665.5,41656.2,-0.022,11.5,386.71
638,2024-01-22 01:00,2024-01-22 06:00,41297.3,41090.0,-0.502,5.0,384.27
639,2024-01-22 19:00,2024-01-23 11:00,39936.0,38818.0,-2.799,16.0,370.71
640,2024-01-23 19:00,2024-01-24 00:00,39214.0,39886.8,1.716,5.0,378.79
641,2024-01-24 03:30,2024-01-24 16:30,39614.6,40188.2,1.448,13.0,385.72
642,2024-01-25 12:00,2024-01-26 00:30,40000.0,39899.4,-0.251,12.5,384.5
643,2024-01-26 10:00,2024-01-27 00:30,40290.7,41785.1,3.709,14.5,402.47
644,2024-01-27 21:00,2024-01-28 13:30,42106.1,42401.9,0.703,16.5,406.0
645,2024-01-29 09:00,2024-01-30 01:00,42170.3,43452.0,3.039,16.0,421.38
646,2024-01-30 06:30,2024-01-30 13:30,43346.5,43289.9,-0.131,7.0,420.69
647,2024-01-31 06:00,2024-02-01 09:30,43035.0,42143.9,-2.071,27.5,409.91
648,2024-02-01 20:00,2024-02-02 09:00,43085.9,43050.3,-0.083,13.0,409.49
649,2024-02-03 01:30,2024-02-03 15:30,43215.0,43121.6,-0.216,14.0,408.39
650,2024-02-04 03:30,2024-02-04 11:30,43027.6,43055.2,0.064,8.0,408.72
651,2024-02-04 20:00,2024-02-05 08:00,42605.7,43041.2,1.022,12.0,413.92
652,2024-02-05 14:00,2024-02-06 02:00,43369.3,42741.5,-1.448,12.0,406.48
653,2024-02-06 14:30,2024-02-07 02:00,42942.7,43045.9,0.24,11.5,407.69
654,2024-02-07 19:30,2024-02-08 12:00,43612.5,44725.5,2.552,16.5,420.65
655,2024-02-09 04:00,2024-02-10 01:00,45958.1,47214.1,2.733,21.0,434.88
656,2024-02-10 18:00,2024-02-11 14:00,47256.6,48093.7,1.771,20.0,444.35
657,2024-02-12 09:00,2024-02-13 11:30,48071.1,49983.6,3.978,26.5,466.01
658,2024-02-14 03:00,2024-02-14 22:00,49530.0,51688.0,4.357,19.0,490.67
659,2024-02-15 16:30,2024-02-16 09:00,52266.7,51779.8,-0.932,16.5,485.17
660,2024-02-16 13:30,2024-02-17 00:00,52463.3,52072.7,-0.745,10.5,480.81
661,2024-02-18 01:30,2024-02-18 17:30,51528.7,51836.0,0.596,16.0,484.28
662,2024-02-19 10:30,2024-02-19 18:00,52350.0,52080.0,-0.516,7.5,481.26
663,2024-02-20 10:00,2024-02-21 04:00,52008.5,51927.8,-0.155,18.0,480.36
664,2024-02-22 01:00,2024-02-22 16:30,51555.8,51482.2,-0.143,15.5,479.53
665,2024-02-23 10:00,2024-02-23 18:00,51123.9,51149.8,0.051,8.0,479.83
666,2024-02-23 20:30,2024-02-25 04:30,51079.9,51617.1,1.052,32.0,485.92
667,2024-02-26 01:00,2024-02-26 17:00,51538.8,53216.1,3.254,16.0,504.99
668,2024-02-26 19:30,2024-02-27 12:30,54488.7,56788.9,4.221,17.0,530.53
669,2024-02-28 07:00,2024-02-29 03:30,57443.1,61554.8,7.158,20.5,575.67
670,2024-02-29 18:00,2024-03-01 02:30,60962.3,60980.3,0.03,8.5,575.87
671,2024-03-01 11:30,2024-03-02 03:30,61864.6,62305.6,0.713,16.0,580.68
672,2024-03-02 22:00,2024-03-03 14:30,61887.0,62096.8,0.339,16.5,582.99
673,2024-03-03 21:00,2024-03-04 12:00,62672.8,65055.1,3.801,15.0,608.95
674,2024-03-05 01:00,2024-03-05 05:00,68421.4,66857.3,-2.286,4.0,592.75
675,2024-03-06 01:30,2024-03-07 00:30,63104.5,66200.0,4.905,23.0,626.73
676,2024-03-07 15:30,2024-03-08 05:30,67261.8,66907.8,-0.526,14.0,622.9
677,2024-03-08 19:00,2024-03-09 07:30,68416.5,68297.1,-0.175,12.5,621.64
678,2024-03-09 20:30,2024-03-10 20:00,68334.0,69282.2,1.388,23.5,631.65
679,2024-03-11 11:30,2024-03-12 03:30,71493.3,71615.5,0.171,16.0,632.9
680,2024-03-12 19:30,2024-03-13 21:00,71341.5,73034.5,2.373,25.5,650.3
681,2024-03-14 11:30,2024-03-14 20:30,72884.1,70739.7,-2.942,9.0,628.22
682,2024-03-15 08:00,2024-03-15 20:30,67686.7,67871.1,0.272,12.5,630.21
683,2024-03-16 01:30,2024-03-16 11:30,69287.6,68263.8,-1.478,10.0,619.42
684,2024-03-17 06:30,2024-03-18 04:00,64954.2,68005.7,4.698,21.5,653.21
685,2024-03-18 22:30,2024-03-19 08:00,67692.4,63723.8,-5.863,9.5,609.06
686,2024-03-19 11:30,2024-03-19 16:00,63084.9,64303.9,1.932,4.5,622.76
687,2024-03-19 22:00,2024-03-20 12:30,63012.0,64055.8,1.657,14.5,634.73
688,2024-03-20 20:30,2024-03-21 08:00,67048.0,67328.8,0.419,11.5,637.81
689,2024-03-22 03:30,2024-03-22 22:00,65972.3,62974.5,-4.544,18.5,604.28
690,2024-03-23 08:00,2024-03-23 23:00,64374.0,64416.5,0.066,15.0,604.75
691,2024-03-24 17:00,2024-03-25 07:30,65032.8,66832.0,2.767,14.5,624.24
692,2024-03-26 00:00,2024-03-26 11:30,69930.8,70692.0,1.089,11.5,632.13
693,2024-03-27 00:30,2024-03-27 21:00,70623.5,69186.0,-2.035,20.5,617.22
694,2024-03-28 05:30,2024-03-28 23:00,69710.8,70926.1,1.743,17.5,629.73
695,2024-03-29 17:00,2024-03-30 19:00,69345.9,69878.6,0.768,26.0,635.33
696,2024-03-31 12:00,2024-04-01 02:00,70427.6,70832.2,0.574,14.0,639.56
697,2024-04-01 23:30,2024-04-02 12:30,69652.8,65344.9,-6.185,13.0,593.82
698,2024-04-03 00:00,2024-04-03 15:00,65099.9,66278.2,1.81,15.0,606.38
699,2024-04-04 10:30,2024-04-05 06:00,66276.2,66991.3,1.079,19.5,614.0
700,2024-04-05 21:30,2024-04-06 12:30,67509.4,67755.6,0.365,15.0,616.6
701,2024-04-07 00:00,2024-04-07 14:30,68844.0,69580.9,1.07,14.5,624.27
702,2024-04-08 06:00,2024-04-09 02:00,69781.9,71494.4,2.454,20.0,642.05
703,2024-04-09 17:00,2024-04-10 19:30,68788.1,70082.5,1.882,26.5,656.01
704,2024-04-11 06:30,2024-04-11 15:00,70713.2,69690.0,-1.447,8.5,645.07
705,2024-04-12 06:00,2024-04-12 18:30,70816.5,66495.9,-6.101,12.5,599.61
706,2024-04-13 09:30,2024-04-14 00:30,67384.7,63680.0,-5.498,15.0,561.15
707,2024-04-14 15:00,2024-04-15 03:00,64332.8,65225.9,1.388,12.0,570.33
708,2024-04-15 12:00,2024-04-15 18:30,66021.8,63170.3,-4.319,6.5,541.38
709,2024-04-16 11:00,2024-04-17 03:30,62592.2,63837.1,1.989,16.5,554.13
710,2024-04-18 05:30,2024-04-18 21:00,61075.2,63383.9,3.78,15.5,578.86
711,2024-04-19 18:30,2024-04-20 05:00,64210.0,64097.3,-0.176,10.5,577.67
712,2024-04-20 16:30,2024-04-21 11:30,64742.0,65230.7,0.755,19.0,582.78
713,2024-04-22 04:30,2024-04-22 23:00,65742.2,67024.6,1.951,18.5,596.1
714,2024-04-24 00:00,2024-04-24 13:00,66508.1,66028.3,-0.721,13.0,591.08
715,2024-04-25 07:30,2024-04-26 00:00,64033.4,64390.6,0.558,16.5,594.93
716,2024-04-26 06:30,2024-04-26 12:00,64380.0,64272.7,-0.167,5.5,593.78
717,2024-04-27 00:30,2024-04-27 16:30,63187.0,62750.0,-0.692,16.0,588.98
718,2024-04-27 19:00,2024-04-28 12:30,63250.3,63574.4,0.512,17.5,592.51
719,2024-04-29 08:30,2024-04-30 10:00,62407.5,61746.1,-1.06,25.5,585.17
720,2024-05-01 03:30,2024-05-01 19:00,60240.5,58069.9,-3.603,15.5,560.48
721,2024-05-02 04:30,2024-05-02 17:00,57390.2,59038.8,2.873,12.5,579.45
722,2024-05-03 00:30,2024-05-03 05:30,59041.9,59522.0,0.813,5.0,584.98
723,2024-05-03 19:30,2024-05-04 11:00,62072.0,64279.6,3.557,15.5,609.34
724,2024-05-05 01:30,2024-05-05 07:30,63317.0,63745.1,0.676,6.0,614.14
725,2024-05-05 12:00,2024-05-06 06:00,63742.1,64349.9,0.954,18.0,620.95
726,2024-05-06 18:00,2024-05-07 01:00,63196.0,63584.3,0.614,7.0,625.38
727,2024-05-07 10:00,2024-05-07 21:30,63832.0,63072.0,-1.191,11.5,616.74
728,2024-05-08 13:00,2024-05-09 04:00,62027.7,61543.0,-0.781,15.0,611.14
729,2024-05-09 18:00,2024-05-10 12:00,62105.9,63249.9,1.842,18.0,624.24
730,2024-05-11 08:00,2024-05-12 00:00,60826.0,61009.6,0.302,16.0,626.42
731,2024-05-12 18:00,2024-05-13 06:00,61521.4,61215.3,-0.498,12.0,622.81
732,2024-05-13 18:00,2024-05-14 05:00,62667.9,62692.9,0.04,11.0,623.1
733,2024-05-14 20:30,2024-05-16 02:30,61606.4,65915.9,6.995,30.0,673.68
734,2024-05-17 01:00,2024-05-18 01:00,65216.2,66842.7,2.494,24.0,692.98
735,2024-05-18 17:00,2024-05-19 20:30,66871.9,66164.3,-1.058,27.5,684.58
736,2024-05-20 09:30,2024-05-21 02:00,66900.8,70990.5,6.113,16.5,732.55
737,2024-05-22 05:30,2024-05-22 22:30,69905.2,69151.4,-1.078,17.0,723.57
738,2024-05-23 14:30,2024-05-24 00:30,67752.2,67850.6,0.145,10.0,724.77
739,2024-05-24 12:00,2024-05-25 09:30,67415.1,69099.9,2.499,21.5,745.38
740,2024-05-25 23:30,2024-05-26 06:00,69290.4,69104.2,-0.269,6.5,743.11
741,2024-05-26 15:00,2024-05-26 18:00,69276.7,68741.8,-0.772,3.0,736.6
742,2024-05-26 23:00,2024-05-27 04:00,68410.5,68862.0,0.66,5.0,742.12
743,2024-05-27 11:00,2024-05-28 04:00,68477.2,67745.4,-1.069,17.0,733.12
744,2024-05-28 21:00,2024-05-29 10:30,68409.7,67994.6,-0.607,13.5,728.06
745,2024-05-30 04:30,2024-05-30 20:30,68177.6,68471.4,0.431,16.0,731.63
746,2024-05-31 21:00,2024-06-01 21:00,67627.6,67756.7,0.191,24.0,733.22
747,2024-06-03 02:30,2024-06-03 22:30,68428.9,69043.8,0.899,20.0,740.71
748,2024-06-04 15:00,2024-06-05 10:30,69988.3,70800.5,1.16,19.5,750.46
749,2024-06-06 06:00,2024-06-07 09:00,70956.3,71214.9,0.364,27.0,753.56
750,2024-06-07 15:00,2024-06-07 23:00,71084.4,69327.7,-2.471,8.0,732.47
751,2024-06-08 13:00,2024-06-09 03:00,69231.9,69204.0,-0.04,14.0,732.13
752,2024-06-09 17:00,2024-06-10 05:00,69580.0,69550.1,-0.043,12.0,731.77
753,2024-06-10 21:30,2024-06-11 09:30,69579.0,67092.7,-3.573,12.0,702.05
754,2024-06-11 21:00,2024-06-12 16:00,67298.1,69332.6,3.023,19.0,726.3
755,2024-06-13 18:00,2024-06-14 10:00,66864.0,66931.9,0.102,16.0,727.14
756,2024-06-14 12:30,2024-06-14 22:00,67077.8,65964.8,-1.659,9.5,713.41
757,2024-06-15 11:30,2024-06-15 22:00,66316.1,66108.1,-0.314,10.5,710.86
758,2024-06-16 12:30,2024-06-17 03:00,66589.8,66343.9,-0.369,14.5,707.87
759,2024-06-17 20:00,2024-06-18 13:30,66559.9,64843.3,-2.579,17.5,687.03
760,2024-06-19 00:00,2024-06-19 18:00,64889.1,65080.4,0.295,18.0,689.35
761,2024-06-20 07:30,2024-06-20 21:30,65860.2,65046.1,-1.236,14.0,679.6
762,2024-06-21 12:30,2024-06-22 15:30,63823.0,64302.9,0.752,27.0,685.46
763,2024-06-23 09:00,2024-06-23 19:00,64419.2,64160.4,-0.402,10.0,682.3
764,2024-06-24 10:30,2024-06-25 21:00,61168.6,61903.3,1.201,34.5,691.7
765,2024-06-27 01:00,2024-06-28 02:30,61020.1,61726.0,1.157,25.5,700.86
766,2024-06-29 03:30,2024-06-29 23:00,60761.2,61010.0,0.409,19.5,704.14
767,2024-06-30 15:00,2024-07-01 07:30,61663.9,63276.7,2.615,16.5,725.17
768,2024-07-02 05:00,2024-07-02 15:00,63061.9,61967.1,-1.736,10.0,710.84
769,2024-07-03 02:30,2024-07-03 17:00,61360.0,60449.1,-1.485,14.5,698.81
770,2024-07-04 00:00,2024-07-04 11:30,60368.3,57765.2,-4.312,11.5,664.36
771,2024-07-05 01:00,2024-07-05 12:00,57002.1,55652.0,-2.369,11.0,646.26
772,2024-07-05 22:00,2024-07-06 09:30,56732.5,56768.0,0.063,11.5,646.72
773,2024-07-06 21:30,2024-07-07 09:00,57871.8,57705.9,-0.287,11.5,644.58
774,2024-07-08 01:00,2024-07-09 04:00,54800.1,57235.5,4.444,27.0,677.67
775,2024-07-09 14:00,2024-07-09 21:30,57592.6,57802.0,0.364,7.5,680.5
776,2024-07-10 09:00,2024-07-10 15:30,58522.0,57700.1,-1.404,6.5,669.54
777,2024-07-11 08:00,2024-07-11 23:00,58150.1,57256.0,-1.538,15.0,657.71
778,2024-07-12 14:00,2024-07-13 06:30,57941.9,58033.2,0.158,16.5,658.9
779,2024-07-13 19:00,2024-07-14 04:30,58666.8,59958.6,2.202,9.5,675.61
780,2024-07-14 15:30,2024-07-14 22:00,60088.2,60902.0,1.354,6.5,686.12
781,2024-07-15 06:30,2024-07-15 20:00,62873.5,63603.9,1.162,13.5,695.25
782,2024-07-16 10:00,2024-07-16 14:30,63276.0,63833.9,0.882,4.5,702.26
783,2024-07-17 01:30,2024-07-17 13:00,65667.9,64709.9,-1.459,11.5,690.56
784,2024-07-18 05:30,2024-07-18 21:00,64754.6,63898.0,-1.323,15.5,680.1
785,2024-07-19 10:00,2024-07-20 01:30,64064.2,66372.8,3.604,15.5,708.21
786,2024-07-20 22:00,2024-07-21 11:30,67130.1,66874.6,-0.381,13.5,705.13
787,2024-07-21 23:30,2024-07-22 12:00,68163.9,67572.0,-0.868,12.5,698.14
788,2024-07-23 01:30,2024-07-23 14:00,67410.6,66821.3,-0.874,12.5,691.17
789,2024-07-24 01:30,2024-07-24 23:30,65665.1,65373.6,-0.444,22.0,687.65
790,2024-07-25 16:30,2024-07-26 12:00,64864.7,67343.9,3.822,19.5,717.76
791,2024-07-27 11:30,2024-07-28 04:00,68215.2,67792.0,-0.62,16.5,712.69
792,2024-07-28 17:30,2024-07-29 11:30,67987.9,69576.1,2.336,18.0,731.67
793,2024-07-30 10:00,2024-07-31 02:30,66630.1,66113.9,-0.775,16.5,725.23
794,2024-07-31 11:30,2024-07-31 20:00,66098.0,64874.0,-1.852,8.5,709.95
795,2024-08-01 16:00,2024-08-02 06:00,62902.2,63873.9,1.545,14.0,722.46
796,2024-08-02 14:00,2024-08-02 18:00,64931.9,63085.7,-2.843,4.0,699.07
797,2024-08-03 12:30,2024-08-04 02:30,61997.9,60883.3,-1.798,14.0,684.71
798,2024-08-04 14:00,2024-08-04 22:30,60356.1,58719.7,-2.711,8.5,663.43
799,2024-08-05 13:30,2024-08-06 11:00,51966.1,55057.7,5.949,21.5,708.85
800,2024-08-07 05:30,2024-08-07 14:30,56798.0,56086.7,-1.252,9.0,698.72
801,2024-08-08 10:00,2024-08-09 00:30,57487.9,61216.2,6.485,14.5,750.52
802,2024-08-10 02:00,2024-08-10 18:30,60600.1,60954.0,0.584,16.5,755.49
803,2024-08-11 13:00,2024-08-11 13:30,60311.9,60463.9,0.252,0.5,757.64
804,2024-08-12 09:00,2024-08-13 04:30,58300.0,59224.0,1.585,19.5,771.24
805,2024-08-13 19:00,2024-08-14 12:00,60798.0,61692.8,1.472,17.0,784.06
806,2024-08-15 11:00,2024-08-16 06:00,58740.0,58316.0,-0.722,19.0,777.68
807,2024-08-16 17:30,2024-08-17 03:00,59214.8,59025.9,-0.319,9.5,774.88
808,2024-08-17 21:30,2024-08-18 09:30,59306.0,59881.9,0.971,12.0,783.37
809,2024-08-18 16:00,2024-08-18 23:30,59917.5,58434.7,-2.475,7.5,761.51
810,2024-08-19 16:00,2024-08-20 13:00,58594.1,60549.5,3.337,21.0,790.26
811,2024-08-21 08:00,2024-08-22 02:00,59450.0,60669.9,2.052,18.0,808.53
812,2024-08-23 01:00,2024-08-24 01:00,60699.9,63783.9,5.081,24.0,854.69
813,2024-08-24 11:00,2024-08-24 12:30,64099.1,64096.0,-0.005,1.5,854.64
814,2024-08-25 05:30,2024-08-26 11:00,64151.9,63960.4,-0.299,29.5,851.79
815,2024-08-27 01:30,2024-08-27 16:00,62996.0,61960.3,-1.644,14.5,836.15
816,2024-08-28 09:00,2024-08-29 05:30,59384.0,59434.5,0.085,20.5,836.94
817,2024-08-29 13:30,2024-08-30 00:30,60625.9,59204.1,-2.345,11.0,814.97
818,2024-08-30 16:30,2024-08-31 07:00,58559.6,59068.3,0.869,14.5,822.92
819,2024-08-31 14:30,2024-08-31 17:00,59128.8,58941.4,-0.317,2.5,819.99
820,2024-09-01 06:00,2024-09-01 11:30,58179.6,58236.7,0.098,5.5,820.89
821,2024-09-01 13:30,2024-09-01 16:00,58165.8,58106.1,-0.103,2.5,819.95
822,2024-09-01 19:00,2024-09-02 13:00,58375.9,58275.3,-0.172,18.0,818.36
823,2024-09-02 20:00,2024-09-03 05:30,58516.0,59194.5,1.16,9.5,829.01
824,2024-09-04 04:00,2024-09-05 08:00,56573.9,57155.0,1.027,28.0,838.56
825,2024-09-06 00:30,2024-09-06 17:30,56172.1,53934.2,-3.984,17.0,801.16
826,2024-09-07 08:00,2024-09-07 23:30,54356.1,54155.8,-0.368,15.5,797.84
827,2024-09-08 15:30,2024-09-09 03:00,53687.9,54979.9,2.407,11.5,819.45
828,2024-09-09 09:30,2024-09-09 20:00,55152.4,56866.2,3.107,10.5,848.02
829,2024-09-10 03:00,2024-09-10 05:30,56682.8,56943.7,0.46,2.5,852.38
830,2024-09-10 23:00,2024-09-11 07:30,57756.6,56716.0,-1.802,8.5,835.22
831,2024-09-11 22:00,2024-09-12 12:30,57311.4,57695.9,0.671,14.5,841.5
832,2024-09-13 07:30,2024-09-14 10:00,58115.7,59984.8,3.216,26.5,871.78
833,2024-09-15 02:00,2024-09-15 17:00,60169.0,59914.7,-0.423,15.0,867.67
834,2024-09-16 13:30,2024-09-17 05:30,58488.5,58649.5,0.275,16.0,870.34
835,2024-09-17 10:30,2024-09-17 23:30,59240.7,60314.6,1.813,13.0,887.93
836,2024-09-18 19:00,2024-09-19 17:30,60439.9,63714.6,5.418,22.5,941.45
837,2024-09-20 17:00,2024-09-21 02:00,62736.0,62921.9,0.296,9.0,944.54
838,2024-09-21 09:00,2024-09-22 02:30,63126.1,62957.3,-0.267,17.5,941.75
839,2024-09-22 20:30,2024-09-23 14:30,63211.7,63387.5,0.278,18.0,944.64
840,2024-09-24 06:00,2024-09-25 03:30,63272.0,64456.0,1.871,21.5,964.19
841,2024-09-26 03:00,2024-09-27 01:00,63302.3,65206.1,3.007,22.0,996.2
842,2024-09-27 17:30,2024-09-28 05:00,65919.9,65918.0,-0.003,11.5,996.16
843,2024-09-28 19:00,2024-09-29 15:00,65723.9,65645.2,-0.12,20.0,994.85
844,2024-09-30 02:00,2024-09-30 09:00,64495.3,63972.9,-0.81,7.0,985.98
845,2024-09-30 22:00,2024-10-01 16:30,63585.5,62455.6,-1.777,18.5,966.69
846,2024-10-02 10:00,2024-10-02 23:30,61464.6,60642.1,-1.338,13.5,952.41
847,2024-10-03 11:30,2024-10-03 22:00,60768.0,60899.4,0.216,10.5,954.69
848,2024-10-04 06:30,2024-10-04 19:00,61118.1,62373.0,2.053,12.5,976.34
849,2024-10-05 22:00,2024-10-06 05:00,61989.8,61942.6,-0.076,7.0,975.52
850,2024-10-06 12:30,2024-10-07 06:00,62230.0,63559.3,2.136,17.5,998.5
851,2024-10-08 05:30,2024-10-09 08:00,62513.3,62113.6,-0.639,26.5,991.47
852,2024-10-10 07:30,2024-10-11 00:00,60892.9,60208.0,-1.125,16.5,979.2
853,2024-10-11 11:30,2024-10-12 01:00,61172.2,62836.0,2.72,13.5,1008.55
854,2024-10-12 21:00,2024-10-13 08:00,63199.9,62905.0,-0.467,11.0,1003.38
855,2024-10-13 21:00,2024-10-14 21:00,62868.0,65815.6,4.689,24.0,1055.11
856,2024-10-15 20:00,2024-10-16 12:00,66682.6,68011.1,1.992,16.0,1078.12
857,2024-10-17 18:30,2024-10-18 16:30,66930.7,68788.0,2.775,22.0,1110.82
858,2024-10-19 21:00,2024-10-20 17:30,68342.7,68560.3,0.318,20.5,1114.67
859,2024-10-21 01:30,2024-10-21 04:30,69211.8,69038.0,-0.251,3.0,1111.62
860,2024-10-22 03:00,2024-10-22 18:30,67399.9,67379.0,-0.031,15.5,1111.24
861,2024-10-23 08:00,2024-10-23 11:30,66820.1,66422.0,-0.596,3.5,1104.03
862,2024-10-24 00:30,2024-10-24 18:30,67436.0,67827.9,0.581,18.0,1111.03
863,2024-10-25 23:30,2024-10-26 09:30,66710.0,67052.0,0.513,10.0,1117.23
864,2024-10-26 15:00,2024-10-27 02:00,66940.3,67030.5,0.135,11.0,1118.87
865,2024-10-27 12:00,2024-10-28 07:30,67378.1,68420.0,1.546,19.5,1137.72
866,2024-10-28 21:00,2024-10-29 09:00,69586.4,71337.9,2.517,12.0,1168.88
867,2024-10-30 21:00,2024-10-31 16:30,72300.4,70402.2,-2.625,19.5,1135.56
868,2024-11-01 09:30,2024-11-02 05:30,69528.1,69711.0,0.263,20.0,1138.81
869,2024-11-02 18:00,2024-11-03 00:00,69291.3,69300.0,0.013,6.0,1138.97
870,2024-11-03 20:30,2024-11-04 14:00,68964.0,68657.6,-0.444,17.5,1133.46
871,2024-11-05 06:30,2024-11-06 00:00,68778.1,70320.2,2.242,17.5,1161.12
872,2024-11-06 16:30,2024-11-06 23:00,74327.0,75810.1,1.995,6.5,1186.28
873,2024-11-07 22:30,2024-11-08 12:00,75870.8,75993.3,0.161,13.5,1188.36
874,2024-11-08 23:00,2024-11-09 11:30,76393.7,76489.3,0.125,12.5,1189.97
875,2024-11-09 23:30,2024-11-10 20:30,76675.0,78960.1,2.98,21.0,1228.42
876,2024-11-11 14:00,2024-11-12 09:00,81736.2,88536.0,8.319,19.0,1338.93
877,2024-11-13 02:00,2024-11-14 08:00,87520.0,91122.2,4.116,30.0,1398.16
878,2024-11-14 20:30,2024-11-15 06:00,87604.0,87957.8,0.404,9.5,1404.21
879,2024-11-15 13:00,2024-11-16 05:30,89600.1,91344.2,1.947,16.5,1433.49
880,2024-11-17 05:30,2024-11-18 01:00,90466.5,90566.8,0.111,19.5,1435.19
881,2024-11-18 11:30,2024-11-18 23:30,90277.1,90464.0,0.207,12.0,1438.36
882,2024-11-19 11:00,2024-11-20 01:00,91527.9,91867.9,0.371,14.0,1444.08
883,2024-11-20 16:00,2024-11-21 04:30,93554.5,97548.2,4.269,12.5,1509.99
884,2024-11-21 16:30,2024-11-22 01:00,97147.4,98371.9,1.26,8.5,1530.29
885,2024-11-22 12:00,2024-11-22 22:30,98717.1,98612.2,-0.106,10.5,1528.55
886,2024-11-23 08:00,2024-11-23 16:30,98382.4,97694.0,-0.7,8.5,1517.16
887,2024-11-24 02:00,2024-11-24 20:30,98520.0,96817.3,-1.728,18.5,1489.21
888,2024-11-25 06:30,2024-11-25 18:30,98072.0,95149.8,-2.98,12.0,1441.86
889,2024-11-26 10:30,2024-11-27 00:30,92350.4,91939.4,-0.445,14.0,1434.99
890,2024-11-27 07:30,2024-11-28 01:00,93596.9,96228.9,2.812,17.5,1478.16
891,2024-11-28 22:30,2024-11-29 20:00,95652.4,97463.4,1.893,21.5,1508.04
892,2024-11-30 18:30,2024-12-01 11:30,96959.0,97119.9,0.166,17.0,1510.71
893,2024-12-01 19:30,2024-12-02 05:00,97178.4,96687.8,-0.505,9.5,1502.58
894,2024-12-02 23:00,2024-12-03 13:00,95697.3,94532.0,-1.218,14.0,1483.06
895,2024-12-04 04:30,2024-12-04 16:30,95999.8,94833.8,-1.215,12.0,1463.83
896,2024-12-05 08:00,2024-12-05 19:00,102696.2,100572.0,-2.068,11.0,1431.49
897,2024-12-06 11:30,2024-12-07 04:30,98058.9,99497.6,1.467,17.0,1453.96
898,2024-12-07 22:00,2024-12-08 12:00,99876.0,99779.8,-0.096,14.0,1452.46
899,2024-12-09 00:30,2024-12-09 11:00,99653.6,98290.9,-1.367,10.5,1431.23
900,2024-12-10 01:00,2024-12-10 22:30,97959.9,96839.5,-1.144,21.5,1413.72
901,2024-12-11 11:30,2024-12-12 01:30,98294.1,100498.7,2.243,14.0,1447.67
902,2024-12-12 22:00,2024-12-13 11:30,99936.0,100356.1,0.42,13.5,1454.17
903,2024-12-13 16:00,2024-12-14 05:30,100217.2,101730.8,1.51,13.5,1477.65
904,2024-12-15 03:30,2024-12-15 22:00,101733.2,103169.1,1.411,18.5,1499.91
905,2024-12-17 02:30,2024-12-17 14:00,106267.3,107700.0,1.348,11.5,1521.49
906,2024-12-17 22:00,2024-12-18 00:00,105855.2,106101.6,0.233,2.0,1525.26
907,2024-12-18 16:30,2024-12-19 07:30,104189.9,101657.9,-2.43,15.0,1485.76
908,2024-12-19 16:00,2024-12-20 02:30,100520.1,97642.0,-2.863,10.5,1440.36
909,2024-12-20 15:00,2024-12-21 13:30,97057.0,97329.6,0.281,22.5,1444.69
910,2024-12-22 10:00,2024-12-23 04:30,97153.5,95833.5,-1.359,18.5,1423.7
911,2024-12-23 12:30,2024-12-24 01:00,96296.7,94475.2,-1.892,12.5,1394.88
912,2024-12-24 12:30,2024-12-25 08:00,94298.6,98252.0,4.192,19.5,1457.55
913,2024-12-25 22:30,2024-12-26 10:30,98813.3,95506.3,-3.347,12.0,1405.42
914,2024-12-27 01:00,2024-12-27 16:30,95677.3,94172.0,-1.573,15.5,1381.74
915,2024-12-28 10:30,2024-12-29 03:00,94616.6,95119.6,0.532,16.5,1389.61
916,2024-12-30 07:30,2024-12-30 23:30,93734.9,92796.4,-1.001,16.0,1374.7
917,2024-12-31 12:00,2025-01-01 03:00,94786.6,93828.3,-1.011,15.0,1359.79
918,2025-01-01 16:30,2025-01-02 12:00,94090.1,96759.3,2.837,19.5,1401.2
919,2025-01-03 17:00,2025-01-04 10:30,98155.0,97800.1,-0.362,17.5,1395.77
920,2025-01-04 23:30,2025-01-05 14:00,98221.9,97469.6,-0.766,14.5,1384.32
921,2025-01-06 02:30,2025-01-06 16:00,98829.0,102443.5,3.657,13.5,1438.6
922,2025-01-07 08:00,2025-01-07 11:30,101785.9,100844.1,-0.925,3.5,1424.37
923,2025-01-08 05:00,2025-01-08 23:00,96622.1,95020.0,-1.658,18.0,1399.09
924,2025-01-10 03:30,2025-01-10 21:30,93720.1,94615.7,0.956,18.0,1413.42
925,2025-01-11 13:30,2025-01-12 08:00,94391.3,94339.7,-0.055,18.5,1412.59
926,2025-01-13 01:00,2025-01-13 10:30,95173.5,91630.0,-3.723,9.5,1356.27
927,2025-01-13 23:00,2025-01-14 16:30,94269.7,95739.3,1.559,17.5,1378.98
928,2025-01-15 11:00,2025-01-16 10:30,96646.9,99212.6,2.655,23.5,1418.24
929,2025-01-17 00:30,2025-01-17 19:30,100133.0,105838.0,5.697,19.0,1504.74
930,2025-01-18 20:30,2025-01-19 11:30,104026.1,104365.0,0.326,15.0,1509.97
931,2025-01-20 08:30,2025-01-21 02:30,108343.8,102540.0,-5.357,18.0,1423.72
932,2025-01-21 14:00,2025-01-22 05:30,105230.6,105701.8,0.448,15.5,1430.55
933,2025-01-22 23:00,2025-01-24 10:00,103846.4,105274.3,1.375,35.0,1451.59
934,2025-01-24 20:30,2025-01-25 02:30,104859.9,104557.4,-0.288,6.0,1447.12
935,2025-01-25 18:00,2025-01-26 10:30,105036.0,104717.5,-0.303,16.5,1442.42
936,2025-01-26 23:00,2025-01-27 02:30,103139.9,100996.1,-2.079,3.5,1410.36
937,2025-01-27 19:00,2025-01-28 11:30,99694.3,102761.6,3.077,16.5,1456.83
938,2025-01-29 09:00,2025-01-30 00:30,102364.6,104031.5,1.628,15.5,1482.19
939,2025-01-30 09:30,2025-01-30 19:00,105418.1,105412.3,-0.006,9.5,1482.1
940,2025-01-31 12:30,2025-02-01 06:30,104709.7,102404.9,-2.201,18.0,1447.27
941,2025-02-01 17:00,2025-02-02 06:00,102199.9,100483.4,-1.68,13.0,1421.29
942,2025-02-02 19:00,2025-02-04 07:30,97518.3,98450.0,0.955,36.5,1435.82
943,2025-02-05 00:30,2025-02-05 13:30,98274.2,98574.0,0.305,13.0,1440.51
944,2025-02-06 11:30,2025-02-06 23:30,98873.9,96554.7,-2.346,12.0,1404.37
945,2025-02-07 12:30,2025-02-08 00:00,97974.7,96688.1,-1.313,11.5,1384.62
946,2025-02-08 16:00,2025-02-09 13:00,95979.0,96211.2,0.242,21.0,1388.21
947,2025-02-10 06:30,2025-02-10 23:00,97156.7,97254.1,0.1,16.5,1389.7
948,2025-02-11 13:30,2025-02-11 20:30,96794.9,95292.5,-1.552,7.0,1366.58
949,2025-02-12 09:00,2025-02-13 00:30,96131.6,97821.7,1.758,15.5,1392.36
950,2025-02-14 01:00,2025-02-14 17:00,96684.6,97377.3,0.716,16.0,1403.05
951,2025-02-15 08:30,2025-02-15 20:30,97513.9,97547.2,0.034,12.0,1403.57
952,2025-02-16 01:30,2025-02-16 08:30,97651.2,97188.6,-0.474,7.0,1396.45
953,2025-02-17 03:00,2025-02-18 07:30,96190.9,95459.8,-0.76,28.5,1385.07
954,2025-02-18 16:30,2025-02-18 19:00,94639.9,93675.0,-1.02,2.5,1369.93
955,2025-02-19 03:30,2025-02-19 22:00,95719.8,96483.2,0.798,18.5,1381.65
956,2025-02-20 14:00,2025-02-20 22:30,97782.2,98123.1,0.349,8.5,1386.82
957,2025-02-22 13:00,2025-02-23 02:00,96753.3,96438.9,-0.325,13.0,1381.99
958,2025-02-23 22:00,2025-02-24 17:30,95615.9,94642.8,-1.018,19.5,1366.91
959,2025-02-25 14:00,2025-02-26 15:00,89180.0,87669.5,-1.694,25.0,1342.06
960,2025-02-27 08:30,2025-02-27 23:30,86070.7,84717.4,-1.572,15.0,1319.39
961,2025-02-28 14:30,2025-03-01 10:00,82106.6,85286.3,3.873,19.5,1374.35
962,2025-03-02 03:30,2025-03-02 15:30,85859.2,87427.9,1.827,12.0,1401.29
963,2025-03-03 02:00,2025-03-03 13:00,92453.7,93026.9,0.62,11.0,1410.6
964,2025-03-04 02:00,2025-03-04 10:00,83216.1,83634.1,0.502,8.0,1418.19
965,2025-03-04 13:30,2025-03-05 11:30,82814.1,89805.3,8.442,22.0,1546.35
966,2025-03-06 01:30,2025-03-06 05:00,91041.7,92422.0,1.516,3.5,1571.31
967,2025-03-07 07:30,2025-03-07 23:30,88362.1,86797.1,-1.771,16.0,1541.71
968,2025-03-08 15:30,2025-03-09 07:00,86398.1,86100.1,-0.345,15.5,1536.05
969,2025-03-10 04:00,2025-03-10 21:30,82498.1,79571.3,-3.548,17.5,1478.01
970,2025-03-11 11:00,2025-03-12 01:00,81833.8,83081.9,1.525,14.0,1502.07
971,2025-03-12 22:30,2025-03-13 11:30,83653.4,82970.0,-0.817,13.0,1488.99
972,2025-03-14 04:30,2025-03-14 22:30,81951.4,84445.5,3.043,18.0,1537.35
973,2025-03-15 18:00,2025-03-16 11:30,84351.9,82404.8,-2.308,17.5,1499.55
974,2025-03-17 00:00,2025-03-17 23:00,82890.3,83850.1,1.158,23.0,1518.07
975,2025-03-18 23:00,2025-03-19 19:30,82776.0,85433.8,3.211,20.5,1570.03
976,2025-03-21 01:00,2025-03-21 22:00,84374.6,84270.5,-0.123,21.0,1567.96
977,2025-03-22 04:30,2025-03-22 15:30,84356.1,84117.9,-0.282,11.0,1563.25
978,2025-03-23 09:00,2025-03-24 02:30,84330.9,85882.1,1.839,17.5,1593.85
979,2025-03-24 17:00,2025-03-25 00:00,88416.6,87484.2,-1.055,7.0,1575.99
980,2025-03-25 16:00,2025-03-26 08:00,87829.9,88029.1,0.227,16.0,1579.79
981,2025-03-26 22:00,2025-03-27 05:30,86811.9,87306.4,0.57,7.5,1589.36
982,2025-03-27 09:30,2025-03-27 20:30,87420.0,87307.8,-0.128,11.0,1587.19
983,2025-03-28 08:30,2025-03-28 14:30,85210.0,84166.7,-1.224,6.0,1566.53
984,2025-03-29 01:30,2025-03-29 17:00,84278.0,82187.4,-2.481,15.5,1525.19
985,2025-03-30 05:00,2025-03-30 18:30,83182.1,82733.9,-0.539,13.5,1516.43
986,2025-03-31 10:30,2025-04-01 04:30,82168.2,83060.0,1.085,18.0,1533.98
987,2025-04-01 17:30,2025-04-02 01:30,85120.2,85155.9,0.042,8.0,1534.66
988,2025-04-02 18:30,2025-04-03 08:30,86286.0,83678.1,-3.022,14.0,1485.26
989,2025-04-03 20:30,2025-04-04 18:00,82370.0,83966.0,1.938,21.5,1515.97
990,2025-04-05 11:00,2025-04-05 15:30,83667.9,82620.5,-1.252,4.5,1495.74
991,2025-04-06 01:00,2025-04-06 17:30,83649.9,80812.0,-3.393,16.5,1441.61
992,2025-04-07 07:30,2025-04-08 08:00,75124.0,78943.9,5.085,24.5,1519.99
993,2025-04-09 05:30,2025-04-10 04:00,76733.3,81652.1,6.41,22.5,1623.84
994,2025-04-11 01:30,2025-04-12 00:00,80442.2,83349.8,3.615,22.5,1686.15
995,2025-04-12 17:30,2025-04-13 07:30,84760.0,84418.0,-0.403,14.0,1678.94
996,2025-04-14 00:00,2025-04-14 21:30,84772.0,84699.4,-0.086,21.5,1677.42
997,2025-04-15 10:00,2025-04-15 21:00,85757.8,84051.5,-1.99,11.0,1642.05
998,2025-04-16 12:00,2025-04-17 05:00,84171.0,84277.4,0.126,17.0,1644.25
999,2025-04-17 20:30,2025-04-18 06:00,85141.7,84695.4,-0.524,9.5,1635.11
1000,2025-04-18 23:00,2025-04-19 21:30,84444.2,85350.0,1.073,22.5,1653.72
1001,2025-04-20 18:00,2025-04-21 16:00,84562.4,87764.0,3.786,22.0,1720.12
1002,2025-04-22 08:30,2025-04-23 02:30,88410.7,92882.1,5.058,18.0,1812.17
1003,2025-04-24 02:30,2025-04-25 10:30,93105.0,93637.6,0.572,32.0,1823.11
1004,2025-04-25 23:00,2025-04-26 07:30,94736.4,94562.1,-0.184,8.5,1819.57
1005,2025-04-26 21:30,2025-04-27 15:00,94360.7,93790.0,-0.605,17.5,1807.96
1006,2025-04-28 03:00,2025-04-28 16:30,93721.1,93746.0,0.027,13.5,1808.47
1007,2025-04-28 21:00,2025-04-29 02:30,94400.0,94616.8,0.23,5.5,1812.85
1008,2025-04-29 13:30,2025-04-30 03:00,94801.2,94652.8,-0.157,13.5,1809.86
1009,2025-04-30 16:00,2025-05-01 03:00,93732.7,94813.4,1.153,11.0,1831.88
1010,2025-05-01 08:00,2025-05-01 23:00,95142.7,96400.4,1.322,15.0,1857.42
1011,2025-05-02 16:30,2025-05-03 07:30,97351.8,96328.0,-1.052,15.0,1836.83
1012,2025-05-03 18:00,2025-05-04 10:00,96185.1,95449.5,-0.765,16.0,1822.02
1013,2025-05-04 22:30,2025-05-05 14:30,95012.5,93887.9,-1.184,16.0,1799.27
1014,2025-05-05 21:30,2025-05-06 13:30,94725.9,93615.4,-1.172,16.0,1777.0
1015,2025-05-07 01:00,2025-05-07 15:30,97522.0,96937.0,-0.6,14.5,1765.74
1016,2025-05-08 06:00,2025-05-08 22:00,98852.0,102820.6,4.015,16.0,1840.65
1017,2025-05-10 02:30,2025-05-10 23:30,103152.1,104820.0,1.617,21.0,1872.03
1018,2025-05-11 11:00,2025-05-11 21:30,104539.0,104363.9,-0.167,10.5,1868.72
1019,2025-05-12 13:30,2025-05-12 19:30,104326.3,101859.5,-2.365,6.0,1822.17
1020,2025-05-13 10:00,2025-05-14 03:00,103494.2,103542.0,0.046,17.0,1823.06
1021,2025-05-14 20:30,2025-05-15 09:00,103558.1,101979.3,-1.525,12.5,1793.74
1022,2025-05-15 22:00,2025-05-16 11:30,103680.0,103672.0,-0.008,13.5,1793.6
1023,2025-05-17 06:00,2025-05-17 15:00,103333.3,103102.0,-0.224,9.0,1789.36
1024,2025-05-17 17:30,2025-05-18 23:00,103134.0,105894.9,2.677,29.5,1839.94
1025,2025-05-19 19:00,2025-05-20 11:30,104911.4,105206.0,0.281,16.5,1845.38
1026,2025-05-21 02:30,2025-05-21 15:30,106846.0,108972.0,1.99,13.0,1884.09
1027,2025-05-22 04:00,2025-05-22 15:00,111470.0,111120.0,-0.314,11.0,1877.86
1028,2025-05-23 08:30,2025-05-25 02:00,110930.0,107843.6,-2.782,41.5,1822.83
1029,2025-05-25 18:30,2025-05-26 15:30,107413.8,110004.9,2.412,21.0,1869.22
1030,2025-05-27 10:30,2025-05-28 03:00,109695.3,108714.9,-0.894,16.5,1851.62
1031,2025-05-28 18:00,2025-05-29 06:30,107523.7,107899.9,0.35,12.5,1858.45
1032,2025-05-29 09:00,2025-05-29 20:30,108452.4,106186.0,-2.09,11.5,1817.52
1033,2025-05-30 12:30,2025-05-31 01:00,105672.4,103855.5,-1.719,12.5,1784.55
1034,2025-05-31 14:30,2025-06-01 07:00,104567.9,104355.5,-0.203,16.5,1780.72
1035,2025-06-01 21:30,2025-06-02 12:00,105491.2,104056.5,-1.36,14.5,1755.14
1036,2025-06-03 00:30,2025-06-03 16:30,106277.9,105824.4,-0.427,16.0,1747.23
1037,2025-06-04 04:00,2025-06-04 10:30,105581.2,105693.4,0.106,6.5,1749.19
1038,2025-06-04 20:30,2025-06-05 21:00,104619.6,101000.1,-3.46,24.5,1685.21
1039,2025-06-06 11:00,2025-06-07 01:30,103848.3,104449.2,0.579,14.5,1695.54
1040,2025-06-07 17:00,2025-06-08 05:30,105520.3,105438.0,-0.078,12.5,1694.14
1041,2025-06-08 19:00,2025-06-09 09:30,106305.6,106608.9,0.285,14.5,1699.26
1042,2025-06-09 20:00,2025-06-10 07:30,108692.6,109212.0,0.478,11.5,1707.86
1043,2025-06-11 00:30,2025-06-11 16:30,109825.7,109444.9,-0.347,16.0,1701.59
1044,2025-06-12 04:00,2025-06-12 09:30,107620.9,107510.4,-0.103,5.5,1699.74
1045,2025-06-12 18:00,2025-06-13 12:30,107790.0,104850.8,-2.727,18.5,1650.67
1046,2025-06-13 19:00,2025-06-14 06:00,105046.7,105172.7,0.12,11.0,1652.77
1047,2025-06-15 00:30,2025-06-15 17:30,105649.4,105684.0,0.033,17.0,1653.34
1048,2025-06-16 06:00,2025-06-17 00:30,106711.4,107247.9,0.503,18.5,1662.16
1049,2025-06-17 23:00,2025-06-18 19:00,104581.7,103818.0,-0.73,20.0,1649.29
1050,2025-06-19 08:00,2025-06-19 18:30,104879.9,104398.1,-0.459,10.5,1641.25
1051,2025-06-20 07:00,2025-06-20 19:30,105168.6,103308.2,-1.769,12.5,1610.45
1052,2025-06-21 12:00,2025-06-22 00:30,103892.0,102852.8,-1.0,12.5,1593.34
1053,2025-06-22 13:30,2025-06-23 00:00,100868.1,100738.9,-0.128,10.5,1591.17
1054,2025-06-23 09:00,2025-06-23 21:30,101506.0,103701.5,2.163,12.5,1627.75
1055,2025-06-24 09:30,2025-06-24 17:00,105200.6,105669.0,0.445,7.5,1635.44
1056,2025-06-25 05:00,2025-06-25 20:30,106152.1,107775.5,1.529,15.5,1661.98
1057,2025-06-26 19:30,2025-06-27 00:30,107544.0,106685.9,-0.798,5.0,1647.93
1058,2025-06-27 05:30,2025-06-27 17:30,107259.6,106878.1,-0.356,12.0,1641.71
1059,2025-06-28 05:30,2025-06-28 17:00,107301.4,107324.4,0.021,11.5,1642.08
1060,2025-06-29 09:30,2025-06-30 02:00,107902.1,108590.8,0.638,16.5,1653.2
1061,2025-06-30 14:30,2025-06-30 21:00,106813.7,107350.4,0.502,6.5,1662.01
1062,2025-07-01 04:00,2025-07-01 15:30,107087.5,105961.9,-1.051,11.5,1643.49
1063,2025-07-02 03:30,2025-07-03 00:30,106190.0,108927.5,2.578,21.0,1688.44
1064,2025-07-03 20:00,2025-07-04 06:30,109882.2,109026.0,-0.779,10.5,1674.5
1065,2025-07-04 23:00,2025-07-05 19:30,108109.5,108143.9,0.032,20.5,1675.06
1066,2025-07-06 12:30,2025-07-07 09:30,108242.0,108852.3,0.564,21.0,1685.07
1067,2025-07-08 03:00,2025-07-08 23:00,107900.3,108839.4,0.87,20.0,1700.61
1068,2025-07-09 17:00,2025-07-10 08:30,109131.4,111232.1,1.925,15.5,1735.27
1069,2025-07-10 23:30,2025-07-11 14:30,116015.9,117855.7,1.586,15.0,1764.37
1070,2025-07-12 09:00,2025-07-13 00:30,117985.9,117317.1,-0.567,15.5,1753.81
1071,2025-07-13 09:00,2025-07-14 00:00,117865.9,119189.0,1.123,15.0,1774.61
1072,2025-07-14 18:30,2025-07-14 21:00,119618.0,119986.1,0.308,2.5,1780.38
1073,2025-07-15 11:30,2025-07-16 12:30,117115.1,118622.0,1.287,25.0,1804.58
1074,2025-07-17 17:30,2025-07-18 11:30,119266.6,119168.0,-0.083,18.0,1803.0
1075,2025-07-19 04:30,2025-07-19 20:30,118133.7,117715.0,-0.354,16.0,1796.26
1076,2025-07-20 12:00,2025-07-21 01:00,117840.0,117138.5,-0.595,13.0,1784.97
1077,2025-07-21 17:00,2025-07-22 01:00,117573.1,117249.0,-0.276,8.0,1779.77
1078,2025-07-22 11:00,2025-07-23 03:00,119063.3,118948.0,-0.097,16.0,1777.95
1079,2025-07-23 22:30,2025-07-24 15:00,118575.9,119006.9,0.363,16.5,1784.78
1080,2025-07-25 19:00,2025-07-26 10:30,116636.1,117979.9,1.152,15.5,1806.5
1081,2025-07-27 06:00,2025-07-27 08:30,118282.1,117950.0,-0.281,2.5,1801.14
1082,2025-07-27 16:30,2025-07-28 11:00,119103.5,118565.1,-0.452,18.5,1792.55
1083,2025-07-29 03:00,2025-07-29 20:30,118349.3,117507.9,-0.711,17.5,1779.09
1084,2025-07-30 10:00,2025-07-30 22:00,118324.4,117314.8,-0.853,12.0,1763.06
1085,2025-07-31 09:00,2025-07-31 21:00,118538.0,116787.2,-1.477,12.0,1735.54
1086,2025-08-01 13:00,2025-08-02 07:00,115682.1,113928.3,-1.516,18.0,1707.71
1087,2025-08-02 18:00,2025-08-02 22:30,112386.0,112859.9,0.422,4.5,1715.34
1088,2025-08-03 08:30,2025-08-03 23:30,113685.9,114202.0,0.454,15.0,1723.58
1089,2025-08-04 23:00,2025-08-05 10:30,115313.9,114848.9,-0.403,11.5,1716.23
1090,2025-08-05 22:30,2025-08-06 19:00,113958.0,115403.7,1.269,20.5,1739.27
1091,2025-08-07 19:00,2025-08-08 07:00,116704.0,116985.8,0.241,12.0,1743.71
1092,2025-08-08 23:00,2025-08-09 17:00,116786.0,116752.8,-0.028,18.0,1743.18
1093,2025-08-10 11:00,2025-08-10 23:30,118274.0,119287.8,0.857,12.5,1758.98
1094,2025-08-11 14:00,2025-08-11 19:30,119892.8,119085.9,-0.673,5.5,1746.47
1095,2025-08-12 08:30,2025-08-13 02:30,118818.0,119556.0,0.621,18.0,1757.94
1096,2025-08-13 21:00,2025-08-14 08:00,122690.1,122000.7,-0.562,11.0,1747.5
1097,2025-08-15 02:30,2025-08-15 19:30,118699.7,116929.8,-1.491,17.0,1719.95
1098,2025-08-16 09:30,2025-08-16 22:00,117294.1,117436.0,0.121,12.5,1722.15
1099,2025-08-17 14:30,2025-08-18 01:00,118158.0,116693.1,-1.24,10.5,1699.56
1100,2025-08-18 15:30,2025-08-19 09:30,116152.0,115321.9,-0.715,18.0,1686.7
1101,2025-08-20 01:00,2025-08-21 00:30,112949.1,114294.1,1.191,23.5,1707.98
1102,2025-08-22 03:00,2025-08-22 22:00,113212.1,116634.3,3.023,19.0,1762.63
1103,2025-08-23 08:00,2025-08-23 10:00,115656.4,115602.0,-0.047,2.0,1761.75
1104,2025-08-24 00:00,2025-08-24 16:00,115410.5,114427.3,-0.852,16.0,1745.89
1105,2025-08-25 05:30,2025-08-25 23:00,112326.1,109937.9,-2.126,17.5,1706.65
1106,2025-08-26 01:30,2025-08-26 11:00,109906.1,109861.7,-0.04,9.5,1705.92
1107,2025-08-26 19:00,2025-08-27 07:30,111119.9,110736.0,-0.345,12.5,1699.68
1108,2025-08-28 01:30,2025-08-28 13:00,111650.1,113064.0,1.266,11.5,1722.47
1109,2025-08-28 19:00,2025-08-29 00:30,112362.5,112202.0,-0.143,5.5,1719.87
1110,2025-08-29 15:00,2025-08-30 22:00,108366.0,108557.2,0.176,31.0,1723.08
1111,2025-09-01 02:00,2025-09-01 14:30,107698.0,109147.9,1.346,12.5,1747.62
1112,2025-09-01 21:30,2025-09-02 06:00,107790.5,110444.0,2.462,8.5,1793.1
1113,2025-09-02 14:30,2025-09-02 23:00,111352.0,111082.0,-0.242,8.5,1788.51
1114,2025-09-03 10:00,2025-09-04 06:30,111469.9,110396.1,-0.963,20.5,1770.32
1115,2025-09-04 22:00,2025-09-05 18:00,110814.0,111054.8,0.217,20.0,1774.39
1116,2025-09-06 12:00,2025-09-07 01:30,110798.0,110561.2,-0.214,13.5,1770.38
1117,2025-09-07 07:00,2025-09-07 22:30,110678.6,111249.9,0.516,15.5,1780.03
1118,2025-09-08 14:00,2025-09-09 04:00,112249.4,111945.1,-0.271,14.0,1774.94
1119,2025-09-09 17:00,2025-09-10 03:00,110921.4,111418.0,0.448,10.0,1783.33
1120,2025-09-10 11:00,2025-09-11 01:30,112326.0,113903.9,1.405,14.5,1809.79
1121,2025-09-11 18:30,2025-09-12 15:30,114312.0,115120.8,0.708,21.0,1823.3
1122,2025-09-13 04:00,2025-09-13 14:00,115744.0,115911.6,0.145,10.0,1826.09
1123,2025-09-14 00:30,2025-09-14 17:30,115937.0,115560.1,-0.325,17.0,1819.82
1124,2025-09-15 08:00,2025-09-15 18:00,115668.3,114937.2,-0.632,10.0,1807.69
1125,2025-09-16 07:00,2025-09-16 16:30,115837.0,116073.0,0.204,9.5,1811.58
1126,2025-09-17 07:00,2025-09-17 14:30,117232.0,115618.1,-1.377,7.5,1785.26
1127,2025-09-18 04:00,2025-09-18 20:00,117382.7,117506.9,0.106,16.0,1787.25
1128,2025-09-19 20:30,2025-09-20 22:00,115340.9,115755.9,0.36,25.5,1794.04
1129,2025-09-21 17:00,2025-09-22 05:00,115409.9,114529.2,-0.763,12.0,1779.59
1130,2025-09-22 18:30,2025-09-23 13:30,112434.1,112944.0,0.454,19.0,1788.12
1131,2025-09-24 12:00,2025-09-25 02:00,113019.5,112740.6,-0.247,14.0,1783.46
1132,2025-09-25 20:00,2025-09-27 00:00,109369.4,109589.2,0.201,28.0,1787.24
1133,2025-09-28 01:30,2025-09-28 15:00,109354.0,109899.3,0.499,13.5,1796.65
1134,2025-09-28 23:00,2025-09-29 12:00,112107.0,112381.1,0.244,13.0,1801.29
1135,2025-09-30 02:00,2025-09-30 11:30,114480.2,113046.8,-1.252,9.5,1777.48
1136,2025-10-01 00:30,2025-10-01 16:30,114236.5,117536.1,2.888,16.0,1831.71
1137,2025-10-03 00:00,2025-10-03 09:00,120288.0,120303.3,0.013,9.0,1831.96
1138,2025-10-03 20:00,2025-10-04 09:30,122152.9,122225.0,0.059,13.5,1833.1
1139,2025-10-04 22:30,2025-10-05 19:00,122287.0,122855.5,0.465,20.5,1842.09
1140,2025-10-06 08:00,2025-10-06 22:00,123756.3,125187.5,1.156,14.0,1864.54
1141,2025-10-07 20:00,2025-10-09 02:00,122192.8,122006.9,-0.152,30.0,1861.56
1142,2025-10-09 20:30,2025-10-10 10:00,121115.3,121325.8,0.174,13.5,1864.97
1143,2025-10-10 14:30,2025-10-10 17:00,120493.0,118171.5,-1.927,2.5,1827.11
1144,2025-10-11 11:30,2025-10-12 01:30,112260.2,109986.9,-2.025,14.0,1788.08
1145,2025-10-12 15:00,2025-10-13 04:30,113182.0,114701.5,1.343,13.5,1813.43
1146,2025-10-14 01:30,2025-10-14 12:30,114280.5,110816.2,-3.031,11.0,1755.43
1147,2025-10-14 22:30,2025-10-15 12:30,113212.7,111717.8,-1.32,14.0,1730.93
1148,2025-10-16 04:00,2025-10-16 20:00,111555.1,107962.0,-3.221,16.0,1671.95
1149,2025-10-17 12:00,2025-10-17 22:00,105608.3,107140.6,1.451,10.0,1697.66
1150,2025-10-18 02:30,2025-10-18 13:30,106596.1,106892.0,0.278,11.0,1702.65
1151,2025-10-19 03:30,2025-10-19 09:00,107274.9,106159.4,-1.04,5.5,1683.91
1152,2025-10-19 15:00,2025-10-20 10:30,108473.0,110750.3,2.099,19.5,1721.36
1153,2025-10-20 21:30,2025-10-21 01:00,110575.0,110283.1,-0.264,3.5,1716.55
1154,2025-10-21 15:30,2025-10-22 09:00,113426.5,108209.0,-4.6,17.5,1632.99
1155,2025-10-22 20:30,2025-10-23 13:00,107690.6,109157.1,1.362,16.5,1656.59
1156,2025-10-23 17:00,2025-10-23 22:30,110208.9,109937.8,-0.246,5.5,1652.27
1157,2025-10-24 12:00,2025-10-24 14:30,111023.9,110221.2,-0.723,2.5,1639.6
1158,2025-10-24 17:30,2025-10-24 23:00,110224.9,111034.0,0.734,5.5,1652.37
1159,2025-10-25 08:30,2025-10-25 21:00,111768.1,111417.3,-0.314,12.5,1646.87
1160,2025-10-26 11:30,2025-10-27 05:00,113299.9,115555.1,1.99,17.5,1681.64
1161,2025-10-28 09:30,2025-10-29 04:00,114515.4,112699.9,-1.585,18.5,1653.4
1162,2025-10-29 17:00,2025-10-30 03:00,111201.1,110788.1,-0.371,10.0,1646.89
1163,2025-10-30 13:00,2025-10-31 01:00,108477.7,109836.5,1.253,12.0,1668.77
1164,2025-10-31 07:30,2025-10-31 20:30,109434.1,109489.6,0.051,13.0,1669.66
1165,2025-11-01 11:30,2025-11-01 23:30,110136.0,110096.0,-0.036,12.0,1669.02
1166,2025-11-02 09:30,2025-11-03 01:00,110701.0,109648.1,-0.951,15.5,1652.2
1167,2025-11-03 15:00,2025-11-04 10:30,105965.2,103812.1,-2.032,19.5,1616.59
1168,2025-11-05 04:00,2025-11-06 00:30,101578.1,103688.2,2.077,20.5,1652.25
1169,2025-11-06 23:00,2025-11-07 23:00,101360.8,103414.3,2.026,24.0,1687.75
1170,2025-11-08 06:00,2025-11-08 13:30,102339.1,101812.4,-0.515,7.5,1678.55
1171,2025-11-09 01:30,2025-11-09 17:30,102052.1,103644.9,1.561,16.0,1706.31
1172,2025-11-09 23:00,2025-11-10 10:00,104663.2,106166.6,1.436,11.0,1732.26
1173,2025-11-11 07:30,2025-11-11 18:30,104803.1,103402.9,-1.336,11.0,1707.78
1174,2025-11-12 05:30,2025-11-12 23:00,103397.0,101881.4,-1.466,17.5,1681.28
1175,2025-11-13 13:00,2025-11-13 23:00,102551.0,100225.8,-2.267,10.0,1640.89
1176,2025-11-14 12:00,2025-11-15 01:00,95758.2,95122.4,-0.664,13.0,1629.33
1177,2025-11-15 03:30,2025-11-15 19:30,96412.1,96013.7,-0.413,16.0,1622.19
1178,2025-11-16 10:30,2025-11-17 00:00,96449.1,94734.8,-1.777,13.5,1591.57
1179,2025-11-17 10:00,2025-11-17 21:30,95627.1,91959.1,-3.836,11.5,1526.69
1180,2025-11-18 12:00,2025-11-19 06:00,91220.4,90814.3,-0.445,18.0,1519.45
1181,2025-11-19 22:30,2025-11-20 18:30,90488.0,86490.1,-4.418,20.0,1447.9
1182,2025-11-21 09:30,2025-11-22 12:30,82220.1,83883.0,2.022,27.0,1479.21
1183,2025-11-23 02:00,2025-11-23 14:30,86046.8,86549.0,0.584,12.5,1488.42
1184,2025-11-24 22:00,2025-11-25 13:00,88782.0,87619.6,-1.309,15.0,1467.63
1185,2025-11-26 00:30,2025-11-26 15:30,87573.0,86965.0,-0.694,15.0,1456.74
1186,2025-11-27 02:30,2025-11-27 15:00,91379.0,90924.0,-0.498,12.5,1448.99
1187,2025-11-28 07:30,2025-11-29 03:30,90902.7,90675.0,-0.25,20.0,1445.11
1188,2025-11-29 16:30,2025-11-30 11:00,91008.9,91244.0,0.258,18.5,1449.1
1189,2025-12-01 18:00,2025-12-02 17:30,85310.4,91450.6,7.197,23.5,1560.6
1190,2025-12-03 07:00,2025-12-03 09:00,93027.5,92925.0,-0.11,2.0,1558.77
1191,2025-12-04 06:00,2025-12-04 18:30,93207.2,92126.2,-1.16,12.5,1539.53
1192,2025-12-05 05:00,2025-12-05 18:00,91973.5,89403.9,-2.794,13.0,1493.72
1193,2025-12-06 06:00,2025-12-06 22:00,89749.1,89357.5,-0.436,16.0,1486.77
1194,2025-12-07 17:00,2025-12-08 15:00,90730.9,89980.5,-0.827,22.0,1473.65
1195,2025-12-09 11:00,2025-12-10 06:00,90283.3,92549.8,2.51,19.0,1513.15
1196,2025-12-10 21:30,2025-12-11 13:30,92351.4,90101.0,-2.437,16.0,1473.84
1197,2025-12-11 21:00,2025-12-12 13:30,93293.9,92311.9,-1.053,16.5,1457.28
1198,2025-12-13 08:00,2025-12-13 23:30,90503.9,90241.1,-0.29,15.5,1452.75
1199,2025-12-14 11:30,2025-12-14 18:00,89355.0,88785.1,-0.638,6.5,1442.85
1200,2025-12-15 06:00,2025-12-15 21:30,89570.0,86237.3,-3.721,15.5,1385.45
1201,2025-12-16 11:30,2025-12-17 02:30,87256.0,87485.0,0.262,15.0,1389.34
1202,2025-12-17 20:30,2025-12-18 10:30,85896.5,87351.5,1.694,14.0,1414.57
1203,2025-12-18 16:00,2025-12-19 01:00,88104.1,85170.1,-3.33,9.0,1364.13
1204,2025-12-19 14:30,2025-12-20 02:00,88176.1,88122.9,-0.06,11.5,1363.25
1205,2025-12-20 14:30,2025-12-21 00:00,88253.1,88413.0,0.181,9.5,1365.9
1206,2025-12-21 08:00,2025-12-21 19:00,88275.0,88368.0,0.105,11.0,1367.45
1207,2025-12-21 22:00,2025-12-22 04:30,88362.7,88912.1,0.622,6.5,1376.57
1208,2025-12-22 12:00,2025-12-22 22:00,90300.0,88438.5,-2.061,10.0,1346.13
1209,2025-12-23 15:00,2025-12-24 09:30,87286.9,86805.7,-0.551,18.5,1338.16
1210,2025-12-24 22:00,2025-12-25 11:00,87788.9,87556.3,-0.265,13.0,1334.35
1211,2025-12-26 04:00,2025-12-26 13:30,88705.2,89000.0,0.332,9.5,1339.12
1212,2025-12-26 19:30,2025-12-27 00:30,87497.1,87398.0,-0.113,5.0,1337.49
1213,2025-12-27 10:00,2025-12-28 01:30,87550.9,87784.9,0.267,15.5,1341.33
1214,2025-12-28 10:30,2025-12-28 16:30,87867.9,87814.7,-0.061,6.0,1340.46
1215,2025-12-29 05:30,2025-12-29 21:00,89976.0,87282.8,-2.993,15.5,1297.34
1216,2025-12-30 08:00,2025-12-31 01:30,87831.4,88655.1,0.938,17.5,1310.44
1217,2025-12-31 17:30,2026-01-01 02:00,87614.0,87954.0,0.388,8.5,1315.92
1218,2026-01-01 12:30,2026-01-02 06:30,87941.1,88939.5,1.135,18.0,1331.99
1219,2026-01-03 17:30,2026-01-04 14:00,90097.2,91236.5,1.265,20.5,1350.1
1220,2026-01-05 06:30,2026-01-05 21:30,92493.1,94092.9,1.73,15.0,1375.18
1221,2026-01-06 21:30,2026-01-07 10:00,93260.0,91777.9,-1.589,12.5,1351.74
1222,2026-01-08 04:00,2026-01-08 20:30,91090.6,90926.7,-0.18,16.5,1349.13
1223,2026-01-09 00:30,2026-01-09 12:00,91290.7,90333.1,-1.049,11.5,1333.92
1224,2026-01-10 03:00,2026-01-10 16:00,90631.5,90639.7,0.009,13.0,1334.05
1225,2026-01-11 12:00,2026-01-12 00:00,90871.0,91153.9,0.311,12.0,1338.52
1226,2026-01-12 17:00,2026-01-12 22:30,91709.0,91243.7,-0.507,5.5,1331.22
1227,2026-01-13 05:30,2026-01-14 04:30,91924.5,95246.0,3.613,23.0,1382.93
1228,2026-01-15 01:00,2026-01-15 12:00,96404.1,96647.5,0.252,11.0,1386.68
1229,2026-01-15 22:00,2026-01-16 07:30,95713.0,95650.7,-0.065,9.5,1385.71
1230,2026-01-16 14:30,2026-01-17 05:30,95200.1,95317.8,0.124,15.0,1387.55
1231,2026-01-17 13:00,2026-01-17 17:30,95362.0,95364.0,0.002,4.5,1387.58
1232,2026-01-18 02:30,2026-01-18 08:30,95027.5,95183.4,0.164,6.0,1390.02
1233,2026-01-18 18:30,2026-01-19 05:30,95437.7,92513.2,-3.064,11.0,1344.36
1234,2026-01-19 20:30,2026-01-20 07:30,93133.5,91188.3,-2.089,11.0,1314.19
1235,2026-01-20 23:00,2026-01-22 00:00,88115.9,89833.4,1.949,25.0,1341.76
1236,2026-01-23 07:00,2026-01-23 19:30,89655.1,89980.0,0.362,12.5,1346.98
1237,2026-01-24 05:00,2026-01-24 13:00,89817.0,89534.0,-0.315,8.0,1342.42
1238,2026-01-25 07:00,2026-01-25 18:30,88788.7,87419.5,-1.542,11.5,1320.18
1239,2026-01-26 01:00,2026-01-26 23:00,87654.4,88462.7,0.922,22.0,1333.28
1240,2026-01-28 04:00,2026-01-28 16:30,88949.9,89644.0,0.78,12.5,1344.46
1241,2026-01-29 20:00,2026-01-31 07:00,83991.7,83709.0,-0.337,35.0,1339.6
1242,2026-02-01 04:30,2026-02-01 22:00,78972.0,77200.1,-2.244,17.5,1307.3
1243,2026-02-02 13:00,2026-02-03 05:30,77912.0,78242.1,0.424,16.5,1313.26
1244,2026-02-04 02:00,2026-02-04 20:30,76197.7,73519.1,-3.515,18.5,1263.58
1245,2026-02-05 11:00,2026-02-06 06:30,70078.1,64982.3,-7.272,19.5,1164.43
1246,2026-02-06 10:00,2026-02-07 03:00,66022.5,70851.1,7.314,17.0,1256.9
1247,2026-02-07 23:00,2026-02-08 15:30,69035.3,71181.5,3.109,16.5,1299.08
1248,2026-02-08 23:30,2026-02-09 02:00,70334.0,70466.9,0.189,2.5,1301.73
1249,2026-02-09 19:00,2026-02-10 13:30,70670.5,69030.1,-2.321,18.5,1269.19
1250,2026-02-11 01:00,2026-02-11 11:30,68959.1,67067.9,-2.742,10.5,1231.64
1251,2026-02-11 23:00,2026-02-12 13:00,67020.1,67771.0,1.12,14.0,1246.56
1252,2026-02-13 12:30,2026-02-14 04:30,67082.1,68790.1,2.546,16.0,1280.85
1253,2026-02-14 22:00,2026-02-15 06:30,69944.2,70399.7,0.651,8.5,1289.84
1254,2026-02-15 13:30,2026-02-15 18:00,68934.1,68556.8,-0.547,4.5,1282.23
1255,2026-02-16 10:00,2026-02-17 02:00,68794.8,69046.8,0.366,16.0,1287.3
1256,2026-02-17 14:30,2026-02-17 17:00,66879.0,67462.6,0.873,2.5,1299.4
1257,2026-02-18 04:00,2026-02-18 18:30,67666.2,66370.3,-1.915,14.5,1272.6
1258,2026-02-19 10:00,2026-02-19 23:30,66874.4,67003.2,0.193,13.5,1275.24
1259,2026-02-20 09:00,2026-02-20 18:30,68202.1,67929.9,-0.399,9.5,1269.76
1260,2026-02-21 10:00,2026-02-22 03:00,68192.3,67973.0,-0.322,17.0,1265.35
1261,2026-02-22 20:00,2026-02-23 05:30,67448.9,65066.6,-3.532,9.5,1217.13
1262,2026-02-23 12:00,2026-02-24 04:30,66139.0,63381.1,-4.17,16.5,1162.2
1263,2026-02-24 14:30,2026-02-25 11:00,63454.0,65353.3,2.993,20.5,1199.98
1264,2026-02-25 23:30,2026-02-26 09:00,67989.9,68185.0,0.287,9.5,1203.71
1265,2026-02-26 22:30,2026-02-27 18:00,67570.8,65580.0,-2.946,19.5,1165.3
1266,2026-02-28 08:00,2026-02-28 21:00,63630.2,66470.0,4.463,13.0,1221.77
1267,2026-03-01 01:30,2026-03-01 12:00,67343.4,66416.5,-1.376,10.5,1203.58
1268,2026-03-02 04:30,2026-03-03 00:00,66856.8,68799.9,2.906,19.5,1241.47
1269,2026-03-03 07:00,2026-03-03 09:00,68234.5,66631.3,-2.35,2.0,1209.95
1270,2026-03-03 23:30,2026-03-04 15:00,68332.0,72970.4,6.788,15.5,1298.87
1271,2026-03-04 22:00,2026-03-05 04:00,73265.3,72798.8,-0.637,6.0,1289.96
1272,2026-03-05 21:00,2026-03-06 20:00,71516.6,67836.6,-5.146,23.0,1218.44
1273,2026-03-07 08:30,2026-03-07 21:30,67803.1,67451.8,-0.518,13.0,1211.61
1274,2026-03-08 13:30,2026-03-09 03:00,67234.1,67226.9,-0.011,13.5,1211.47
1275,2026-03-09 12:30,2026-03-10 02:00,68153.4,69367.6,1.782,13.5,1234.83
1276,2026-03-10 17:30,2026-03-11 00:00,70870.5,70052.0,-1.155,6.5,1219.42
1277,2026-03-11 14:00,2026-03-12 07:00,70661.2,69609.4,-1.489,17.0,1199.78
1278,2026-03-12 20:30,2026-03-13 08:30,70164.7,71827.4,2.37,12.0,1230.58
1279,2026-03-13 15:00,2026-03-13 19:30,72474.8,71174.5,-1.794,4.5,1206.71
1280,2026-03-14 15:00,2026-03-15 17:00,70666.3,71517.1,1.204,26.0,1222.44
1281,2026-03-16 09:30,2026-03-16 21:00,73263.5,74270.7,1.375,11.5,1240.62
1282,2026-03-17 09:00,2026-03-17 15:30,74317.0,73917.4,-0.538,6.5,1233.41
1283,2026-03-18 02:30,2026-03-18 14:30,74341.0,71186.0,-4.244,12.0,1176.82
1284,2026-03-19 06:00,2026-03-19 21:00,70733.2,70555.7,-0.251,15.0,1173.62
1285,2026-03-20 04:00,2026-03-20 15:30,70924.0,69870.6,-1.485,11.5,1154.7
1286,2026-03-21 07:30,2026-03-21 19:30,70712.9,70400.0,-0.442,12.0,1149.15
1287,2026-03-22 14:30,2026-03-23 11:00,68709.8,70714.1,2.917,20.5,1185.59
1288,2026-03-23 16:00,2026-03-24 02:00,70218.2,70570.9,0.502,10.0,1192.04
1289,2026-03-24 21:30,2026-03-25 20:30,70328.8,71003.1,0.959,23.0,1204.43
1290,2026-03-26 14:30,2026-03-26 20:00,69491.8,69175.3,-0.455,5.5,1198.49
1291,2026-03-27 00:30,2026-03-27 16:30,68785.0,65980.1,-4.078,16.0,1145.54
1292,2026-03-28 05:00,2026-03-28 20:30,66346.1,66923.5,0.87,15.5,1156.38
1293,2026-03-29 19:30,2026-03-30 21:30,66350.9,66804.5,0.684,26.0,1164.97
1294,2026-03-31 13:00,2026-03-31 23:30,66807.2,68278.0,2.202,10.5,1192.82
1295,2026-04-01 05:00,2026-04-01 15:00,68587.8,68743.0,0.226,10.0,1195.74
1296,2026-04-02 16:00,2026-04-03 11:30,66880.0,67020.0,0.209,19.5,1198.46
1297,2026-04-03 23:00,2026-04-04 05:30,66860.3,66907.8,0.071,6.5,1199.38
1298,2026-04-04 13:30,2026-04-05 03:30,67198.0,67143.4,-0.081,14.0,1198.32
1299,2026-04-05 20:00,2026-04-06 13:30,67478.3,69432.7,2.896,17.5,1235.93
1300,2026-04-07 16:00,2026-04-08 15:30,68388.8,71307.4,4.268,23.5,1292.94
1301,2026-04-09 09:30,2026-04-10 06:00,71537.0,71962.9,0.595,20.5,1301.23
1302,2026-04-10 21:00,2026-04-11 09:00,73097.7,72866.7,-0.316,12.0,1296.8
1303,2026-04-11 21:30,2026-04-12 09:30,73432.5,71534.7,-2.584,12.0,1260.71
1304,2026-04-12 23:00,2026-04-13 16:00,70717.6,72239.9,2.153,17.0,1290.0
1305,2026-04-14 01:00,2026-04-14 11:00,74290.0,74360.5,0.095,10.0,1291.32
1306,2026-04-15 06:30,2026-04-16 11:00,73892.5,74380.2,0.66,28.5,1300.5
1307,2026-04-17 04:00,2026-04-17 19:00,74749.2,77270.8,3.373,15.0,1347.74
1308,2026-04-17 20:00,2026-04-18 04:30,77368.1,77109.0,-0.335,8.5,1342.9
1309,2026-04-18 23:00,2026-04-19 22:30,75812.1,74044.9,-2.331,23.5,1309.26
1310,2026-04-20 15:30,2026-04-21 03:30,75710.9,75712.3,0.002,12.0,1309.29
1311,2026-04-21 21:30,2026-04-22 07:00,75542.3,77892.2,3.111,9.5,1353.13
1312,2026-04-22 07:30,2026-04-22 22:30,78010.1,78600.7,0.757,15.0,1364.13
1313,2026-04-23 17:30,2026-04-24 11:30,77771.0,78235.5,0.597,18.0,1372.87
1314,2026-04-25 03:00,2026-04-25 10:00,77545.2,77816.9,0.35,7.0,1378.03
1315,2026-04-25 13:00,2026-04-26 01:30,77609.4,77450.0,-0.205,12.5,1375.0
1316,2026-04-26 11:30,2026-04-26 22:30,78086.7,78321.4,0.301,11.0,1379.43
1317,2026-04-28 03:00,2026-04-28 19:00,76766.0,76179.4,-0.764,16.0,1368.13
1318,2026-04-29 05:00,2026-04-29 17:30,77263.0,76182.7,-1.398,12.5,1347.6
1319,2026-04-30 10:30,2026-05-01 01:00,76030.0,76538.3,0.669,14.5,1357.28
1320,2026-05-01 15:00,2026-05-02 00:00,78544.0,78269.1,-0.35,9.0,1352.18
1321,2026-05-02 17:30,2026-05-03 10:00,78394.9,78432.8,0.048,16.5,1352.88
1322,2026-05-03 21:30,2026-05-04 09:00,78838.4,79731.4,1.133,11.5,1369.33
1323,2026-05-05 04:30,2026-05-05 21:30,80898.0,81408.2,0.631,17.0,1378.6
1324,2026-05-06 17:00,2026-05-07 03:30,81470.8,80838.1,-0.777,10.5,1367.12
1325,2026-05-07 13:30,2026-05-08 02:30,80502.2,79476.6,-1.274,13.0,1348.43
1326,2026-05-08 11:00,2026-05-09 06:00,80300.1,80316.8,0.021,19.0,1348.73
1327,2026-05-10 03:30,2026-05-10 11:30,80775.6,80829.2,0.066,8.0,1349.69
1328,2026-05-10 20:00,2026-05-11 07:30,81151.6,80751.0,-0.494,11.5,1342.53
1329,2026-05-11 20:30,2026-05-12 09:30,81816.4,80839.0,-1.195,13.0,1325.3
1330,2026-05-12 23:00,2026-05-13 16:00,80647.4,79062.5,-1.965,17.0,1297.29
1331,2026-05-14 08:00,2026-05-15 00:30,79763.4,81516.1,2.197,16.5,1327.99
1332,2026-05-16 00:00,2026-05-16 21:00,79179.4,78276.9,-1.14,21.0,1311.72
1333,2026-05-17 00:30,2026-05-17 14:00,77955.6,78040.2,0.109,13.5,1313.25
1334,2026-05-18 17:30,2026-05-19 09:30,76706.2,76819.4,0.148,16.0,1315.33
1335,2026-05-20 08:00,2026-05-21 01:00,77280.3,77884.7,0.782,17.0,1326.4
1336,2026-05-22 04:30,2026-05-22 16:00,77660.1,76940.9,-0.926,11.5,1313.19
1337,2026-05-23 08:30,2026-05-24 11:30,74682.6,77317.6,3.528,27.0,1363.06
1338,2026-05-25 04:30,2026-05-25 22:30,77396.7,77125.3,-0.351,18.0,1357.92
1339,2026-05-26 16:00,2026-05-27 06:00,76543.3,75742.9,-1.046,14.0,1342.68
